Employee_ID,First_Name,Last_Name,Age,Department_Region,Status,Join_Date,Salary,Email,Phone,Performance_Score,Remote_Work
EMP1000,Bob,Davis,25,DevOps-California,Active,2021-04-02,59768,bob.davis@example.com,-1651623197,Average,True
EMP1001,Bob,Brown,32,Finance-Texas,Active,2020-07-10,65305,bob.brown@example.com,-1898471390,Excellent,True
EMP1002,Alice,Jones,32,Admin-Nevada,Pending,2023-12-07,88146,alice.jones@example.com,-5596363211,Good,True
EMP1003,Eva,Davis,25,Admin-Nevada,Inactive,2021-11-27,69451,eva.davis@example.com,-3476490784,Good,True
EMP1004,Frank,Williams,25,Cloud Tech-Florida,Active,2022-01-05,109325,frank.williams@example.com,-1586734256,Poor,False
EMP1005,Alice,Garcia,40,Sales-Texas,Inactive,2020-06-10,88643,alice.garcia@example.com,-5409003485,Good,False
EMP1006,Frank,Jones,32,Admin-Nevada,Active,2020-04-03,96288,frank.jones@example.com,-4518376063,Good,False
EMP1007,Bob,Jones,30,Cloud Tech-Florida,Inactive,2022-07-17,94498,bob.jones@example.com,-4134327559,Average,True
EMP1008,Frank,Davis,35,Admin-Nevada,Inactive,2023-12-08,115566,frank.davis@example.com,-4177656123,Excellent,True
EMP1009,Charlie,Johnson,32,DevOps-New York,Active,2022-08-04,76562,charlie.johnson@example.com,-8156985699,Excellent,True
EMP1010,David,Williams,35,Cloud Tech-New York,Active,2024-07-06,72082,david.williams@example.com,-2720634590,Average,False
EMP1011,David,Davis,32,DevOps-California,Active,2023-09-04,84946,david.davis@example.com,-1238296576,Poor,True
EMP1012,Heidi,Williams,30,HR-New York,Active,2024-03-05,89296,heidi.williams@example.com,-2429543164,Excellent,False
EMP1013,Grace,Williams,32,Finance-California,Active,2020-10-10,85667,grace.williams@example.com,-2669300892,Good,False
EMP1014,Alice,Garcia,25,Admin-Nevada,Active,2024-06-10,97634,alice.garcia@example.com,-1734206968,Excellent,True
EMP1015,Grace,Jones,40,Sales-Florida,Pending,2021-05-29,117975,grace.jones@example.com,-4215291085,Good,True
EMP1016,Alice,Brown,25,DevOps-Illinois,Inactive,2024-04-23,94867,alice.brown@example.com,-7713334475,Poor,False
EMP1017,Grace,Garcia,30,Finance-Texas,Pending,2024-11-28,100378,grace.garcia@example.com,-2639343625,Average,True
EMP1018,Charlie,Garcia,32,Cloud Tech-Nevada,Inactive,2024-09-19,94726,charlie.garcia@example.com,-2044397358,Excellent,False
EMP1019,Charlie,Williams,35,Admin-Illinois,Pending,2020-01-02,91926,charlie.williams@example.com,-7107256365,Average,True
EMP1020,Bob,Miller,35,HR-New York,Active,2021-05-08,111461,bob.miller@example.com,-9411800536,Excellent,True
EMP1021,Bob,Jones,40,Cloud Tech-Illinois,Active,2020-09-19,96183,bob.jones@example.com,-5990048963,Good,False
EMP1022,Charlie,Johnson,35,Sales-Illinois,Inactive,2021-03-09,115024,charlie.johnson@example.com,-6528092427,Average,True
EMP1023,David,Garcia,35,Finance-Nevada,Pending,2022-02-03,80667,david.garcia@example.com,-7572158623,Excellent,False
EMP1024,Bob,Brown,30,Admin-Texas,Inactive,2020-02-13,91182,bob.brown@example.com,-1502745643,Good,True
EMP1025,David,Miller,25,Cloud Tech-Nevada,Pending,2020-04-30,66026,david.miller@example.com,-9485625727,Average,False
EMP1026,Frank,Miller,25,Sales-New York,Inactive,2023-10-02,83979,frank.miller@example.com,-7032032073,Average,False
EMP1027,Heidi,Johnson,30,Finance-Florida,Active,2020-07-12,56785,heidi.johnson@example.com,-2761707586,Excellent,True
EMP1028,Grace,Garcia,40,Finance-Nevada,Active,2023-10-11,95742,grace.garcia@example.com,-7712151341,Excellent,False
EMP1029,Alice,Brown,40,DevOps-California,Active,2021-05-24,63411,alice.brown@example.com,-2849939088,Excellent,True
EMP1030,Charlie,Jones,40,Admin-California,Inactive,2021-05-26,111214,charlie.jones@example.com,-2613715040,Good,True
EMP1031,Bob,Smith,25,DevOps-Illinois,Active,2020-07-10,114846,bob.smith@example.com,-6591520176,Excellent,True
EMP1032,Charlie,Brown,40,Finance-Florida,Active,2024-11-05,78073,charlie.brown@example.com,-7490509758,Average,False
EMP1033,Grace,Johnson,25,Finance-California,Inactive,2021-08-07,79611,grace.johnson@example.com,-2304501895,Average,False
EMP1034,Heidi,Miller,30,Admin-California,Active,2020-04-29,90543,heidi.miller@example.com,-1642361031,Excellent,True
EMP1035,Frank,Jones,25,Cloud Tech-Illinois,Inactive,2022-10-26,114357,frank.jones@example.com,-6642147648,Excellent,True
EMP1036,Alice,Brown,32,Cloud Tech-New York,Active,2023-05-03,54757,alice.brown@example.com,-2515837766,Poor,False
EMP1037,Grace,Smith,25,Sales-New York,Pending,2023-05-02,52782,grace.smith@example.com,-4996165925,Average,True
EMP1038,Frank,Smith,35,Admin-Nevada,Pending,2021-10-05,66708,frank.smith@example.com,-6108573277,Good,True
EMP1039,Eva,Williams,40,HR-Texas,Active,2022-07-27,93481,eva.williams@example.com,-8147617421,Poor,False
EMP1040,Bob,Williams,25,Sales-New York,Pending,2021-06-27,59272,bob.williams@example.com,-4386490809,Excellent,True
EMP1041,Bob,Davis,30,HR-California,Active,2022-06-16,108362,bob.davis@example.com,-8186617944,Excellent,False
EMP1042,Alice,Johnson,32,HR-Nevada,Active,2024-12-03,59400,alice.johnson@example.com,-4918017225,Average,True
EMP1043,Bob,Garcia,32,Admin-California,Inactive,2023-05-23,64744,bob.garcia@example.com,-164597793,Excellent,False
EMP1044,Eva,Brown,32,Finance-California,Active,2020-07-08,94400,eva.brown@example.com,-5232194167,Good,True
EMP1045,Alice,Brown,25,HR-New York,Pending,2021-06-20,61311,alice.brown@example.com,-61027768,Average,True
EMP1046,Grace,Garcia,32,Cloud Tech-Texas,Active,2024-12-13,98371,grace.garcia@example.com,-7499564121,Excellent,False
EMP1047,Alice,Davis,35,Sales-Illinois,Active,2022-05-30,58921,alice.davis@example.com,-310303722,Average,True
EMP1048,Alice,Miller,35,Admin-Nevada,Active,2023-09-27,57196,alice.miller@example.com,-6831472759,Excellent,False
EMP1049,Grace,Miller,32,DevOps-New York,Active,2024-11-05,61375,grace.miller@example.com,-1227770792,Excellent,True
EMP1050,Charlie,Davis,40,Cloud Tech-New York,Pending,2021-11-11,104767,charlie.davis@example.com,-3496050165,Excellent,False
EMP1051,David,Miller,35,Admin-Nevada,Active,2022-02-22,111052,david.miller@example.com,-7998407677,Good,False
EMP1052,David,Williams,30,Finance-California,Inactive,2024-08-07,105674,david.williams@example.com,-9973080694,Good,False
EMP1053,Alice,Brown,30,Finance-California,Inactive,2024-11-05,54859,alice.brown@example.com,-8146717956,Average,False
EMP1054,Frank,Davis,32,Finance-Nevada,Pending,2021-11-09,115747,frank.davis@example.com,-6024375737,Excellent,True
EMP1055,Eva,Brown,30,Sales-California,Active,2020-08-10,91760,eva.brown@example.com,-3959724664,Excellent,True
EMP1056,Frank,Garcia,40,Sales-Illinois,Active,2022-02-27,112965,frank.garcia@example.com,-7293417222,Good,False
EMP1057,Alice,Smith,40,Cloud Tech-Illinois,Pending,2023-11-07,100360,alice.smith@example.com,-2971674337,Excellent,False
EMP1058,David,Williams,35,Finance-Texas,Pending,2021-11-07,93621,david.williams@example.com,-54522800,Good,False
EMP1059,Bob,Jones,35,Sales-California,Pending,2022-04-16,72833,bob.jones@example.com,-5619318373,Excellent,True
EMP1060,Charlie,Williams,30,Finance-Nevada,Inactive,2023-10-19,102369,charlie.williams@example.com,-5508428909,Average,True
EMP1061,Eva,Davis,40,Sales-Texas,Inactive,2021-08-10,64713,eva.davis@example.com,-7711991807,Excellent,True
EMP1062,Frank,Jones,40,Finance-Florida,Pending,2021-03-13,85782,frank.jones@example.com,-1213524786,Excellent,True
EMP1063,Charlie,Smith,25,HR-Illinois,Pending,2023-07-20,93348,charlie.smith@example.com,-1255213759,Poor,False
EMP1064,David,Davis,35,Admin-New York,Active,2020-02-20,53235,david.davis@example.com,-3754821455,Good,False
EMP1065,Bob,Johnson,40,Finance-Nevada,Pending,2021-02-02,100284,bob.johnson@example.com,-5328632665,Excellent,False
EMP1066,Grace,Brown,30,Admin-Nevada,Pending,2020-01-12,112486,grace.brown@example.com,-7850720810,Excellent,True
EMP1067,Bob,Smith,40,Admin-New York,Pending,2022-11-26,82518,bob.smith@example.com,-5562606028,Poor,True
EMP1068,Bob,Brown,40,Admin-Florida,Pending,2022-12-23,119152,bob.brown@example.com,-846684549,Poor,True
EMP1069,Heidi,Miller,32,DevOps-Illinois,Inactive,2024-08-28,113480,heidi.miller@example.com,-4892673898,Good,False
EMP1070,Charlie,Johnson,40,Finance-California,Active,2024-09-16,94636,charlie.johnson@example.com,-7563410855,Poor,False
EMP1071,Heidi,Johnson,30,HR-Florida,Active,2024-01-01,70001,heidi.johnson@example.com,-2884318847,Average,True
EMP1072,Frank,Smith,32,Cloud Tech-New York,Active,2021-04-18,76812,frank.smith@example.com,-5200894345,Poor,False
EMP1073,David,Johnson,25,Finance-Florida,Inactive,2023-01-16,82615,david.johnson@example.com,-8105485100,Average,True
EMP1074,Grace,Jones,40,Sales-Nevada,Active,2024-10-20,111646,grace.jones@example.com,-7490753997,Good,True
EMP1075,Heidi,Johnson,25,HR-California,Inactive,2024-10-13,112415,heidi.johnson@example.com,-9354492682,Good,False
EMP1076,David,Brown,40,Admin-California,Inactive,2022-09-21,52032,david.brown@example.com,-1589357125,Good,True
EMP1077,Grace,Brown,30,Finance-New York,Pending,2022-12-29,51888,grace.brown@example.com,-6110627370,Good,False
EMP1078,Alice,Davis,25,DevOps-Florida,Active,2024-11-10,82319,alice.davis@example.com,-5869886496,Good,True
EMP1079,Grace,Brown,35,Admin-Florida,Inactive,2021-11-22,103286,grace.brown@example.com,-6776228276,Average,False
EMP1080,Grace,Davis,35,Cloud Tech-Florida,Active,2024-03-14,87759,grace.davis@example.com,-2881377027,Average,False
EMP1081,Frank,Brown,30,DevOps-Texas,Pending,2020-03-23,102796,frank.brown@example.com,-5196115939,Good,False
EMP1082,David,Jones,25,Sales-New York,Active,2020-09-15,83149,david.jones@example.com,-8215454469,Poor,True
EMP1083,David,Garcia,40,DevOps-California,Inactive,2020-12-09,92412,david.garcia@example.com,-2296044326,Excellent,True
EMP1084,Bob,Davis,30,HR-Texas,Pending,2020-02-22,115022,bob.davis@example.com,-185106793,Good,False
EMP1085,Grace,Williams,40,DevOps-New York,Active,2023-04-27,98343,grace.williams@example.com,-9756792286,Poor,False
EMP1086,Bob,Miller,35,DevOps-Illinois,Active,2024-06-18,118869,bob.miller@example.com,-7725199662,Excellent,True
EMP1087,Frank,Smith,32,Finance-Nevada,Inactive,2020-05-21,85417,frank.smith@example.com,-6580741208,Good,True
EMP1088,Grace,Brown,40,Cloud Tech-Florida,Inactive,2023-07-25,112410,grace.brown@example.com,-4818139889,Good,True
EMP1089,Charlie,Johnson,40,Admin-Nevada,Pending,2023-08-25,68906,charlie.johnson@example.com,-9837801819,Average,False
EMP1090,Heidi,Garcia,40,Finance-Nevada,Pending,2021-07-03,72561,heidi.garcia@example.com,-4339718955,Excellent,True
EMP1091,Bob,Brown,35,Finance-New York,Inactive,2023-03-13,92723,bob.brown@example.com,-9070562607,Excellent,True
EMP1092,Alice,Johnson,40,HR-New York,Inactive,2021-03-10,74838,alice.johnson@example.com,-5641118241,Poor,False
EMP1093,Eva,Miller,32,DevOps-California,Pending,2020-01-21,86164,eva.miller@example.com,-2412462094,Average,True
EMP1094,David,Miller,40,Finance-Illinois,Active,2023-11-15,83327,david.miller@example.com,-2004615264,Average,True
EMP1095,Heidi,Miller,25,Cloud Tech-California,Active,2022-04-08,98425,heidi.miller@example.com,-4610339936,Average,True
EMP1096,Frank,Johnson,40,Sales-Illinois,Inactive,2022-05-21,119764,frank.johnson@example.com,-8861405785,Average,False
EMP1097,Frank,Brown,40,HR-California,Inactive,2021-04-17,58446,frank.brown@example.com,-1706304890,Excellent,False
EMP1098,Bob,Miller,32,DevOps-New York,Active,2021-03-19,101702,bob.miller@example.com,-3824967182,Excellent,False
EMP1099,Eva,Jones,25,Admin-California,Active,2022-01-09,85155,eva.jones@example.com,-2582386869,Good,False
EMP1100,Charlie,Davis,35,Cloud Tech-Texas,Pending,2021-08-21,98819,charlie.davis@example.com,-794200748,Good,False
EMP1101,Heidi,Johnson,25,Cloud Tech-Illinois,Inactive,2022-08-19,83510,heidi.johnson@example.com,-4653984027,Average,False
EMP1102,Alice,Johnson,35,Finance-Texas,Active,2022-03-31,84422,alice.johnson@example.com,-9141612845,Average,False
EMP1103,Alice,Brown,30,Admin-Illinois,Inactive,2020-06-23,119574,alice.brown@example.com,-3985547434,Average,True
EMP1104,Grace,Johnson,32,Sales-Illinois,Active,2024-05-07,86580,grace.johnson@example.com,-5379502096,Good,True
EMP1105,Heidi,Johnson,35,Sales-Florida,Inactive,2023-03-10,93472,heidi.johnson@example.com,-26876810,Poor,False
EMP1106,Bob,Miller,30,DevOps-New York,Inactive,2023-09-14,55683,bob.miller@example.com,-8071569561,Poor,True
EMP1107,Bob,Brown,30,Cloud Tech-Florida,Inactive,2023-11-12,91567,bob.brown@example.com,-175370303,Good,True
EMP1108,David,Miller,35,DevOps-California,Pending,2024-10-26,81782,david.miller@example.com,-5319433749,Good,False
EMP1109,Eva,Davis,32,DevOps-New York,Inactive,2020-08-23,88119,eva.davis@example.com,-4793036148,Good,True
EMP1110,Eva,Garcia,30,Cloud Tech-Texas,Active,2024-06-11,71533,eva.garcia@example.com,-8728399920,Good,True
EMP1111,Eva,Davis,40,Cloud Tech-Florida,Pending,2021-09-14,98981,eva.davis@example.com,-9212493842,Good,True
EMP1112,Heidi,Garcia,40,Cloud Tech-Illinois,Active,2024-12-26,80242,heidi.garcia@example.com,-894870604,Good,True
EMP1113,Eva,Miller,25,Cloud Tech-New York,Pending,2024-09-08,110236,eva.miller@example.com,-6641877579,Average,True
EMP1114,Alice,Davis,35,Sales-Texas,Active,2022-08-21,86327,alice.davis@example.com,-3046875062,Average,False
EMP1115,Eva,Brown,30,Sales-Florida,Pending,2024-07-25,84421,eva.brown@example.com,-5190361331,Average,False
EMP1116,Frank,Smith,40,HR-California,Pending,2020-08-02,110041,frank.smith@example.com,-5411076094,Average,False
EMP1117,Heidi,Miller,35,DevOps-Florida,Pending,2020-03-16,81838,heidi.miller@example.com,-4317350582,Good,True
EMP1118,Frank,Garcia,25,Finance-Illinois,Active,2023-09-08,110856,frank.garcia@example.com,-1997179109,Poor,False
EMP1119,Alice,Jones,30,Sales-California,Pending,2024-03-29,84895,alice.jones@example.com,-651207048,Excellent,True
EMP1120,Alice,Garcia,30,HR-Illinois,Active,2021-08-12,80668,alice.garcia@example.com,-6110804660,Good,True
EMP1121,Bob,Jones,25,DevOps-Illinois,Active,2023-12-24,61086,bob.jones@example.com,-9639907675,Excellent,True
EMP1122,Grace,Johnson,25,Admin-Texas,Inactive,2020-08-28,95340,grace.johnson@example.com,-9915078592,Poor,True
EMP1123,Eva,Davis,32,DevOps-California,Inactive,2024-09-05,83775,eva.davis@example.com,-1109193927,Average,False
EMP1124,Heidi,Jones,32,Admin-Florida,Active,2023-05-12,85577,heidi.jones@example.com,-4567972319,Poor,False
EMP1125,Bob,Garcia,35,Finance-California,Pending,2021-07-01,107438,bob.garcia@example.com,-249685497,Good,True
EMP1126,Eva,Johnson,32,Sales-Nevada,Inactive,2024-11-07,60402,eva.johnson@example.com,-2274954507,Average,False
EMP1127,Frank,Smith,35,Sales-Illinois,Inactive,2022-07-21,115300,frank.smith@example.com,-9203880652,Good,True
EMP1128,David,Brown,32,Finance-New York,Inactive,2020-03-30,72272,david.brown@example.com,-3315377958,Average,False
EMP1129,Grace,Brown,40,DevOps-Nevada,Active,2022-10-11,117538,grace.brown@example.com,-9594652169,Excellent,False
EMP1130,Frank,Brown,25,Finance-Texas,Pending,2022-07-24,51074,frank.brown@example.com,-7303379336,Excellent,True
EMP1131,Charlie,Jones,25,Finance-California,Inactive,2023-06-30,98489,charlie.jones@example.com,-5636205014,Excellent,False
EMP1132,Frank,Smith,32,Finance-California,Pending,2024-01-11,112121,frank.smith@example.com,-812473949,Poor,True
EMP1133,Alice,Jones,32,Cloud Tech-New York,Pending,2023-11-02,114465,alice.jones@example.com,-334234257,Good,False
EMP1134,Bob,Davis,40,Cloud Tech-Nevada,Pending,2024-11-22,57036,bob.davis@example.com,-3230241025,Poor,True
EMP1135,Eva,Jones,25,Cloud Tech-California,Active,2021-08-23,75092,eva.jones@example.com,-1534735527,Excellent,True
EMP1136,David,Smith,32,Finance-Illinois,Pending,2024-06-11,62604,david.smith@example.com,-9611223385,Good,False
EMP1137,Grace,Smith,32,DevOps-New York,Inactive,2023-04-09,60018,grace.smith@example.com,-5596309937,Excellent,False
EMP1138,Eva,Davis,40,HR-Nevada,Active,2024-07-05,82568,eva.davis@example.com,-4253042896,Poor,True
EMP1139,Charlie,Smith,25,Finance-California,Pending,2021-09-04,94726,charlie.smith@example.com,-3179128684,Poor,False
EMP1140,Eva,Garcia,40,HR-New York,Inactive,2024-10-13,83825,eva.garcia@example.com,-7872558776,Poor,False
EMP1141,Frank,Smith,32,HR-Nevada,Inactive,2020-02-14,118456,frank.smith@example.com,-4969033372,Excellent,True
EMP1142,Eva,Brown,25,Sales-Nevada,Pending,2020-04-10,113743,eva.brown@example.com,-6346692547,Good,True
EMP1143,Eva,Garcia,30,Sales-California,Active,2023-07-27,63309,eva.garcia@example.com,-1214785389,Good,False
EMP1144,Charlie,Garcia,25,DevOps-Nevada,Active,2021-09-24,105203,charlie.garcia@example.com,-7895677664,Excellent,True
EMP1145,Frank,Davis,30,Cloud Tech-California,Inactive,2024-03-10,79085,frank.davis@example.com,-7546027340,Good,True
EMP1146,Frank,Williams,32,Sales-California,Active,2021-06-10,113983,frank.williams@example.com,-5148881430,Excellent,True
EMP1147,Eva,Williams,35,Cloud Tech-Florida,Active,2020-10-15,102791,eva.williams@example.com,-1150835353,Good,False
EMP1148,Grace,Smith,32,HR-Texas,Inactive,2020-01-29,68512,grace.smith@example.com,-4439284043,Average,False
EMP1149,Frank,Garcia,35,Sales-Florida,Pending,2022-01-30,57584,frank.garcia@example.com,-5669078262,Average,True
EMP1150,Alice,Williams,32,Sales-California,Pending,2021-03-29,95336,alice.williams@example.com,-3373898774,Poor,False
EMP1151,Heidi,Williams,35,DevOps-Florida,Active,2020-10-13,53174,heidi.williams@example.com,-1536637779,Average,True
EMP1152,Heidi,Smith,25,Cloud Tech-New York,Pending,2020-10-04,77205,heidi.smith@example.com,-5292407552,Average,False
EMP1153,Grace,Williams,32,DevOps-Nevada,Active,2024-12-18,79042,grace.williams@example.com,-6668459089,Average,True
EMP1154,Heidi,Jones,32,Finance-California,Active,2023-11-14,75937,heidi.jones@example.com,-2259999662,Excellent,True
EMP1155,David,Johnson,35,Cloud Tech-Nevada,Inactive,2023-01-20,113119,david.johnson@example.com,-6186371596,Average,False
EMP1156,Alice,Davis,40,HR-New York,Active,2024-10-02,107693,alice.davis@example.com,-4121820969,Average,True
EMP1157,David,Johnson,32,Cloud Tech-Texas,Inactive,2021-05-13,119217,david.johnson@example.com,-2316433480,Poor,False
EMP1158,David,Smith,25,Sales-New York,Pending,2021-03-18,106914,david.smith@example.com,-7058025661,Average,False
EMP1159,Charlie,Brown,32,Cloud Tech-California,Active,2020-09-23,87815,charlie.brown@example.com,-1286716322,Average,True
EMP1160,Bob,Davis,25,Admin-Texas,Inactive,2024-06-05,105190,bob.davis@example.com,-4672994937,Good,True
EMP1161,Alice,Smith,30,HR-Texas,Active,2024-02-28,79467,alice.smith@example.com,-7430271692,Poor,False
EMP1162,Bob,Garcia,40,Finance-California,Pending,2023-04-30,57634,bob.garcia@example.com,-8597779013,Poor,True
EMP1163,Alice,Brown,32,HR-Florida,Pending,2020-03-04,54258,alice.brown@example.com,-7546926328,Poor,True
EMP1164,Grace,Johnson,40,DevOps-Texas,Inactive,2023-12-29,113679,grace.johnson@example.com,-6762916031,Poor,True
EMP1165,Bob,Smith,35,Sales-New York,Active,2020-09-15,69251,bob.smith@example.com,-4841376814,Poor,True
EMP1166,Frank,Garcia,40,Sales-Illinois,Inactive,2022-07-18,85389,frank.garcia@example.com,-1185672437,Poor,True
EMP1167,Bob,Davis,32,DevOps-New York,Inactive,2022-07-13,112166,bob.davis@example.com,-701765635,Excellent,False
EMP1168,Heidi,Davis,40,Finance-Nevada,Active,2021-10-02,79873,heidi.davis@example.com,-41257770,Average,False
EMP1169,Frank,Miller,30,DevOps-Florida,Active,2020-07-05,108224,frank.miller@example.com,-1837274219,Poor,True
EMP1170,Bob,Garcia,35,Admin-Illinois,Active,2023-04-16,116964,bob.garcia@example.com,-9124186209,Average,True
EMP1171,Bob,Jones,40,HR-Nevada,Inactive,2024-11-12,114109,bob.jones@example.com,-4275230836,Average,True
EMP1172,Eva,Williams,32,HR-California,Active,2023-03-29,85519,eva.williams@example.com,-816470899,Excellent,False
EMP1173,Heidi,Brown,30,Cloud Tech-California,Pending,2022-01-22,58042,heidi.brown@example.com,-6335331059,Poor,True
EMP1174,David,Garcia,40,Sales-Illinois,Pending,2023-10-14,94989,david.garcia@example.com,-531312205,Good,False
EMP1175,Eva,Miller,25,Admin-California,Pending,2024-04-10,71629,eva.miller@example.com,-8155839385,Excellent,False
EMP1176,Alice,Williams,30,Admin-Illinois,Pending,2022-03-31,54871,alice.williams@example.com,-6133155205,Good,False
EMP1177,Alice,Williams,25,DevOps-Illinois,Active,2022-02-09,79388,alice.williams@example.com,-5063731494,Average,True
EMP1178,Frank,Smith,35,DevOps-California,Pending,2023-05-06,55947,frank.smith@example.com,-136497188,Average,False
EMP1179,Charlie,Williams,32,Cloud Tech-Nevada,Active,2021-07-11,81018,charlie.williams@example.com,-2419562524,Excellent,True
EMP1180,Heidi,Jones,40,HR-New York,Pending,2020-08-21,74162,heidi.jones@example.com,-7150997682,Excellent,False
EMP1181,Heidi,Davis,32,DevOps-California,Active,2021-03-27,77668,heidi.davis@example.com,-8903091435,Good,True
EMP1182,Alice,Miller,30,HR-New York,Active,2024-04-14,67886,alice.miller@example.com,-3910257431,Poor,False
EMP1183,Alice,Williams,40,DevOps-Florida,Active,2020-09-21,76615,alice.williams@example.com,-6303975244,Good,True
EMP1184,Frank,Smith,25,Finance-Nevada,Active,2022-06-12,51312,frank.smith@example.com,-864035532,Excellent,False
EMP1185,Frank,Jones,32,Finance-Illinois,Inactive,2023-12-24,94810,frank.jones@example.com,-8033968526,Good,True
EMP1186,Grace,Johnson,25,HR-New York,Pending,2022-07-31,108242,grace.johnson@example.com,-171302320,Excellent,True
EMP1187,Bob,Davis,40,Cloud Tech-New York,Inactive,2023-04-21,78031,bob.davis@example.com,-2983381673,Good,True
EMP1188,Eva,Davis,35,Admin-California,Active,2020-06-05,85734,eva.davis@example.com,-2336293448,Excellent,True
EMP1189,David,Miller,35,HR-Nevada,Pending,2024-07-27,60338,david.miller@example.com,-7347156626,Excellent,False
EMP1190,Eva,Davis,30,Admin-Illinois,Active,2024-04-05,103141,eva.davis@example.com,-7689627065,Excellent,False
EMP1191,Heidi,Williams,40,Sales-Illinois,Inactive,2023-10-26,114691,heidi.williams@example.com,-1498282466,Poor,True
EMP1192,Frank,Smith,35,Admin-Florida,Active,2022-08-18,80955,frank.smith@example.com,-4746897151,Good,False
EMP1193,Eva,Davis,32,Cloud Tech-California,Pending,2020-05-31,71729,eva.davis@example.com,-7323008575,Good,True
EMP1194,Alice,Davis,35,HR-Texas,Pending,2024-11-04,118416,alice.davis@example.com,-6656749159,Good,True
EMP1195,Grace,Johnson,40,Sales-Illinois,Pending,2020-03-25,81481,grace.johnson@example.com,-1692364586,Excellent,False
EMP1196,David,Johnson,35,Sales-Florida,Pending,2020-11-04,117041,david.johnson@example.com,-5066337049,Good,True
EMP1197,Frank,Brown,25,Sales-Nevada,Active,2020-03-21,67342,frank.brown@example.com,-2497243991,Good,True
EMP1198,Heidi,Jones,32,Sales-Illinois,Active,2022-01-15,76100,heidi.jones@example.com,-116691835,Excellent,False
EMP1199,Grace,Williams,35,DevOps-Illinois,Active,2024-06-04,94162,grace.williams@example.com,-2644886945,Average,True
EMP1200,Frank,Davis,25,Sales-Nevada,Inactive,2021-08-04,67640,frank.davis@example.com,-1195243639,Excellent,True
EMP1201,Charlie,Garcia,35,Cloud Tech-Illinois,Pending,2020-10-16,114172,charlie.garcia@example.com,-2701168645,Good,True
EMP1202,Grace,Davis,30,Sales-Nevada,Active,2021-09-26,89125,grace.davis@example.com,-2252237280,Excellent,True
EMP1203,Frank,Smith,30,DevOps-Nevada,Pending,2023-11-04,113871,frank.smith@example.com,-7932302345,Average,False
EMP1204,Grace,Brown,32,HR-Texas,Inactive,2021-09-24,62618,grace.brown@example.com,-7912141613,Excellent,False
EMP1205,Heidi,Jones,30,Admin-New York,Active,2020-06-07,70705,heidi.jones@example.com,-1509377099,Good,False
EMP1206,Alice,Garcia,35,Sales-New York,Pending,2022-02-10,60798,alice.garcia@example.com,-4090138068,Average,True
EMP1207,Charlie,Brown,40,Cloud Tech-Florida,Inactive,2023-10-17,100371,charlie.brown@example.com,-8477596554,Poor,True
EMP1208,Eva,Miller,40,Admin-Illinois,Active,2021-09-25,117592,eva.miller@example.com,-5356690550,Good,False
EMP1209,David,Jones,35,DevOps-Illinois,Inactive,2022-08-03,103861,david.jones@example.com,-762091842,Average,True
EMP1210,Grace,Davis,30,Admin-Illinois,Active,2024-11-22,67500,grace.davis@example.com,-5797863049,Average,True
EMP1211,Frank,Davis,32,Cloud Tech-Nevada,Pending,2024-10-09,58727,frank.davis@example.com,-5057397690,Poor,True
EMP1212,Charlie,Jones,35,Finance-Illinois,Active,2024-08-28,80623,charlie.jones@example.com,-5671649327,Excellent,True
EMP1213,David,Davis,40,HR-Texas,Inactive,2020-04-19,77752,david.davis@example.com,-9802714871,Excellent,False
EMP1214,Grace,Williams,25,HR-New York,Active,2021-10-14,115158,grace.williams@example.com,-7178333210,Good,False
EMP1215,Frank,Jones,30,Admin-Texas,Inactive,2024-08-26,83072,frank.jones@example.com,-6025643470,Poor,False
EMP1216,Heidi,Brown,40,Sales-Texas,Active,2020-02-08,67915,heidi.brown@example.com,-2871539914,Excellent,True
EMP1217,Grace,Jones,25,HR-New York,Inactive,2020-09-06,53342,grace.jones@example.com,-6686334140,Poor,False
EMP1218,Heidi,Garcia,25,Cloud Tech-Florida,Pending,2023-01-02,51150,heidi.garcia@example.com,-1159319524,Excellent,False
EMP1219,David,Davis,30,HR-Florida,Active,2023-06-13,74697,david.davis@example.com,-6904098365,Average,True
EMP1220,Charlie,Williams,25,Sales-California,Active,2022-12-13,88086,charlie.williams@example.com,-5528993159,Excellent,True
EMP1221,Alice,Williams,40,Finance-Texas,Pending,2022-03-03,118673,alice.williams@example.com,-8752437728,Poor,False
EMP1222,Alice,Miller,35,Cloud Tech-California,Active,2024-02-10,95997,alice.miller@example.com,-4209548148,Average,False
EMP1223,Frank,Brown,30,Cloud Tech-California,Pending,2021-11-24,106946,frank.brown@example.com,-7374605232,Average,False
EMP1224,Heidi,Johnson,40,DevOps-New York,Active,2020-05-09,100123,heidi.johnson@example.com,-276420864,Average,False
EMP1225,Alice,Johnson,35,Admin-Texas,Active,2024-12-19,52933,alice.johnson@example.com,-6756618442,Poor,True
EMP1226,Grace,Jones,32,Finance-California,Active,2024-03-22,95283,grace.jones@example.com,-8612590471,Good,False
EMP1227,Alice,Miller,35,HR-Texas,Inactive,2022-06-13,112264,alice.miller@example.com,-9277423329,Good,False
EMP1228,Grace,Smith,35,Admin-Florida,Pending,2022-10-15,75714,grace.smith@example.com,-5912662014,Good,True
EMP1229,Eva,Jones,25,DevOps-Florida,Active,2022-05-31,92172,eva.jones@example.com,-7201859625,Poor,False
EMP1230,Eva,Miller,35,Cloud Tech-Texas,Inactive,2023-09-15,70695,eva.miller@example.com,-3013674925,Average,True
EMP1231,Grace,Brown,30,DevOps-Florida,Inactive,2022-07-04,52965,grace.brown@example.com,-1764750110,Good,True
EMP1232,Frank,Brown,32,Finance-California,Pending,2024-06-08,116353,frank.brown@example.com,-1783099973,Poor,True
EMP1233,Grace,Brown,35,Sales-Nevada,Pending,2020-11-23,116695,grace.brown@example.com,-1926764920,Good,False
EMP1234,Heidi,Brown,25,Admin-Texas,Active,2024-05-13,95161,heidi.brown@example.com,-5182606887,Excellent,False
EMP1235,Alice,Brown,32,Admin-Nevada,Inactive,2022-01-29,76041,alice.brown@example.com,-7189813128,Good,True
EMP1236,Charlie,Miller,32,HR-Florida,Inactive,2023-08-23,69508,charlie.miller@example.com,-2087510292,Good,False
EMP1237,Alice,Miller,30,Finance-Illinois,Inactive,2023-02-24,58243,alice.miller@example.com,-2184011844,Average,False
EMP1238,Heidi,Williams,30,Sales-California,Pending,2022-10-02,64012,heidi.williams@example.com,-8260340847,Poor,True
EMP1239,Bob,Garcia,40,Admin-Nevada,Inactive,2020-06-28,106736,bob.garcia@example.com,-7297585987,Average,True
EMP1240,Frank,Johnson,35,DevOps-Texas,Pending,2023-01-15,70325,frank.johnson@example.com,-3103032431,Average,False
EMP1241,Charlie,Davis,30,HR-Illinois,Active,2020-09-05,118959,charlie.davis@example.com,-9839542960,Average,True
EMP1242,David,Brown,40,Cloud Tech-California,Pending,2023-03-18,75824,david.brown@example.com,-8446267145,Average,False
EMP1243,Charlie,Smith,32,Cloud Tech-Texas,Inactive,2022-03-26,119972,charlie.smith@example.com,-2831435988,Average,False
EMP1244,Grace,Davis,40,Sales-Texas,Active,2021-10-11,94964,grace.davis@example.com,-2625660930,Good,False
EMP1245,Frank,Miller,30,Sales-Nevada,Pending,2021-01-07,103745,frank.miller@example.com,-4181861514,Average,False
EMP1246,Alice,Smith,25,Sales-New York,Inactive,2020-12-03,61338,alice.smith@example.com,-5423401635,Average,True
EMP1247,David,Smith,35,Sales-California,Active,2021-05-28,63741,david.smith@example.com,-1128497184,Poor,True
EMP1248,Eva,Smith,30,DevOps-California,Pending,2022-12-28,56540,eva.smith@example.com,-9484910255,Excellent,True
EMP1249,Charlie,Williams,30,DevOps-Illinois,Pending,2023-05-24,73633,charlie.williams@example.com,-2588967923,Good,True
EMP1250,Alice,Miller,25,Cloud Tech-Texas,Pending,2024-04-28,90374,alice.miller@example.com,-822269404,Good,False
EMP1251,Grace,Smith,32,DevOps-Texas,Inactive,2024-12-25,93901,grace.smith@example.com,-3967275783,Good,False
EMP1252,Eva,Brown,40,Admin-Nevada,Inactive,2021-09-01,81748,eva.brown@example.com,-4683414650,Average,True
EMP1253,Charlie,Jones,40,Finance-Florida,Inactive,2021-02-21,73813,charlie.jones@example.com,-1131290147,Average,False
EMP1254,Frank,Smith,35,Finance-New York,Inactive,2022-11-20,89316,frank.smith@example.com,-7068277880,Average,False
EMP1255,Heidi,Williams,25,HR-Florida,Active,2020-10-15,56777,heidi.williams@example.com,-6093068537,Poor,False
EMP1256,Grace,Davis,32,Finance-New York,Active,2024-07-24,72921,grace.davis@example.com,-9097283214,Excellent,True
EMP1257,Frank,Miller,30,Admin-Florida,Pending,2022-08-14,84913,frank.miller@example.com,-2850676250,Average,True
EMP1258,Alice,Garcia,25,Finance-Illinois,Inactive,2021-05-08,65060,alice.garcia@example.com,-5381447442,Excellent,True
EMP1259,Alice,Williams,35,Finance-Illinois,Pending,2023-10-09,82941,alice.williams@example.com,-963480796,Poor,False
EMP1260,Bob,Smith,40,Admin-California,Pending,2022-01-19,103470,bob.smith@example.com,-509754509,Good,True
EMP1261,Grace,Miller,25,Sales-Illinois,Active,2022-01-12,88726,grace.miller@example.com,-5265016730,Average,True
EMP1262,Heidi,Jones,32,HR-Illinois,Pending,2023-06-05,58317,heidi.jones@example.com,-8826170242,Excellent,True
EMP1263,Grace,Smith,35,HR-Illinois,Inactive,2024-03-26,60099,grace.smith@example.com,-7654562840,Excellent,True
EMP1264,Grace,Williams,32,Cloud Tech-Texas,Active,2020-10-07,99951,grace.williams@example.com,-7722560530,Average,True
EMP1265,Heidi,Johnson,30,Sales-Illinois,Active,2021-11-02,115196,heidi.johnson@example.com,-3402665022,Good,True
EMP1266,Grace,Brown,32,DevOps-California,Pending,2021-11-19,85512,grace.brown@example.com,-7416787255,Good,False
EMP1267,Heidi,Garcia,32,HR-Florida,Active,2022-01-24,73187,heidi.garcia@example.com,-8621102257,Good,False
EMP1268,Grace,Davis,32,HR-Nevada,Pending,2023-07-12,51865,grace.davis@example.com,-305690673,Poor,True
EMP1269,David,Williams,25,Sales-Florida,Active,2022-12-09,94032,david.williams@example.com,-4716392822,Excellent,True
EMP1270,Grace,Miller,30,DevOps-New York,Active,2023-03-18,116374,grace.miller@example.com,-4143637188,Excellent,False
EMP1271,Alice,Garcia,40,HR-Florida,Active,2022-04-25,98335,alice.garcia@example.com,-2392312603,Excellent,False
EMP1272,Heidi,Garcia,25,DevOps-New York,Pending,2021-02-28,89262,heidi.garcia@example.com,-3260931065,Poor,True
EMP1273,Heidi,Garcia,32,Finance-California,Active,2022-07-30,113849,heidi.garcia@example.com,-8433567085,Excellent,True
EMP1274,Frank,Smith,35,Sales-Florida,Active,2021-05-19,69530,frank.smith@example.com,-414545634,Poor,True
EMP1275,Eva,Brown,35,DevOps-New York,Pending,2023-12-14,84230,eva.brown@example.com,-200053473,Good,True
EMP1276,Eva,Smith,35,Cloud Tech-Illinois,Pending,2023-01-17,76579,eva.smith@example.com,-9162475540,Average,False
EMP1277,Frank,Miller,30,HR-Texas,Inactive,2024-01-02,55532,frank.miller@example.com,-1082555988,Excellent,True
EMP1278,Eva,Smith,40,Admin-New York,Pending,2021-07-09,115312,eva.smith@example.com,-5343961128,Excellent,True
EMP1279,Charlie,Johnson,25,Sales-Nevada,Pending,2021-05-05,66972,charlie.johnson@example.com,-1093371188,Good,True
EMP1280,David,Brown,30,Cloud Tech-Texas,Inactive,2021-11-07,100215,david.brown@example.com,-5473820235,Average,True
EMP1281,Charlie,Brown,25,Sales-New York,Inactive,2023-08-30,115452,charlie.brown@example.com,-8485571616,Poor,False
EMP1282,Heidi,Miller,30,HR-California,Inactive,2023-08-15,54141,heidi.miller@example.com,-6880294239,Average,False
EMP1283,David,Davis,32,DevOps-Nevada,Active,2020-12-24,79252,david.davis@example.com,-9036788126,Good,False
EMP1284,Alice,Johnson,40,Finance-New York,Pending,2024-11-21,114823,alice.johnson@example.com,-8686694319,Good,True
EMP1285,Alice,Williams,35,Sales-Illinois,Active,2021-11-17,69919,alice.williams@example.com,-2939087883,Average,True
EMP1286,Heidi,Smith,30,Sales-Florida,Inactive,2021-01-29,106617,heidi.smith@example.com,-4344812307,Poor,False
EMP1287,Heidi,Jones,35,DevOps-New York,Active,2024-02-17,73598,heidi.jones@example.com,-3402424032,Poor,True
EMP1288,David,Smith,30,Sales-Nevada,Inactive,2024-08-20,79939,david.smith@example.com,-8105955183,Excellent,True
EMP1289,Grace,Garcia,25,Admin-New York,Inactive,2021-10-24,85155,grace.garcia@example.com,-2694500533,Poor,False
EMP1290,Grace,Smith,30,Finance-California,Inactive,2021-09-10,90772,grace.smith@example.com,-2408916497,Average,False
EMP1291,Eva,Williams,35,DevOps-New York,Active,2023-09-29,58276,eva.williams@example.com,-3735439626,Good,False
EMP1292,Grace,Smith,32,DevOps-California,Pending,2020-08-28,94710,grace.smith@example.com,-3652717271,Excellent,False
EMP1293,Frank,Johnson,32,Admin-New York,Active,2022-09-06,60723,frank.johnson@example.com,-2397240421,Excellent,True
EMP1294,Frank,Johnson,40,DevOps-Illinois,Inactive,2024-03-31,87626,frank.johnson@example.com,-6931216375,Good,True
EMP1295,David,Brown,30,DevOps-Illinois,Active,2022-12-12,81272,david.brown@example.com,-1820916600,Poor,False
EMP1296,Bob,Miller,32,Cloud Tech-Texas,Pending,2022-11-01,64151,bob.miller@example.com,-23142899,Good,True
EMP1297,Charlie,Davis,35,Sales-Florida,Active,2023-10-25,64378,charlie.davis@example.com,-1851327971,Poor,False
EMP1298,Bob,Jones,32,Finance-Texas,Inactive,2020-09-27,85927,bob.jones@example.com,-4572308480,Good,False
EMP1299,Alice,Garcia,32,Finance-Nevada,Inactive,2024-01-21,51524,alice.garcia@example.com,-18418619,Average,True
EMP1300,Alice,Smith,30,Sales-Texas,Active,2022-05-17,74117,alice.smith@example.com,-3036625435,Poor,False
EMP1301,Alice,Smith,25,Finance-Texas,Inactive,2022-04-17,62599,alice.smith@example.com,-1721314518,Average,True
EMP1302,Grace,Williams,35,Finance-Florida,Inactive,2022-02-08,55618,grace.williams@example.com,-5151092267,Excellent,True
EMP1303,Charlie,Miller,35,Cloud Tech-New York,Pending,2022-03-15,87019,charlie.miller@example.com,-5926249450,Good,True
EMP1304,David,Johnson,25,Cloud Tech-California,Inactive,2023-10-11,100337,david.johnson@example.com,-4754102251,Excellent,True
EMP1305,Grace,Jones,30,Admin-Florida,Inactive,2020-11-13,69295,grace.jones@example.com,-6771196420,Excellent,False
EMP1306,Bob,Brown,25,DevOps-Florida,Pending,2024-04-17,115537,bob.brown@example.com,-5226557675,Excellent,True
EMP1307,David,Johnson,30,Cloud Tech-Texas,Pending,2020-03-09,81251,david.johnson@example.com,-9523668787,Excellent,False
EMP1308,Alice,Garcia,30,DevOps-Texas,Inactive,2022-06-17,66404,alice.garcia@example.com,-7883619688,Good,False
EMP1309,Alice,Miller,30,Sales-California,Active,2024-07-28,114148,alice.miller@example.com,-3135030586,Excellent,False
EMP1310,Frank,Garcia,30,HR-New York,Pending,2022-12-03,65473,frank.garcia@example.com,-2105524727,Good,False
EMP1311,Alice,Davis,32,Sales-Nevada,Active,2023-07-06,97513,alice.davis@example.com,-6333021259,Good,True
EMP1312,Alice,Brown,35,DevOps-Nevada,Inactive,2024-05-28,86712,alice.brown@example.com,-6501917919,Average,True
EMP1313,Grace,Davis,30,HR-Florida,Active,2024-03-25,87655,grace.davis@example.com,-2521310961,Poor,False
EMP1314,David,Williams,35,DevOps-New York,Inactive,2020-04-28,89367,david.williams@example.com,-2728476569,Poor,False
EMP1315,Charlie,Garcia,40,Admin-California,Active,2021-11-07,95269,charlie.garcia@example.com,-4120092819,Good,True
EMP1316,Frank,Williams,25,Sales-Nevada,Active,2020-04-15,68792,frank.williams@example.com,-6678498435,Average,False
EMP1317,Alice,Smith,25,Admin-Illinois,Pending,2023-10-07,89120,alice.smith@example.com,-2418623689,Good,True
EMP1318,Frank,Davis,35,Cloud Tech-New York,Active,2024-02-27,58212,frank.davis@example.com,-3628917755,Good,False
EMP1319,Heidi,Miller,30,DevOps-Illinois,Pending,2021-02-22,77764,heidi.miller@example.com,-6205634110,Good,True
EMP1320,Frank,Garcia,35,Finance-Florida,Pending,2023-08-21,75148,frank.garcia@example.com,-5950342810,Average,False
EMP1321,Heidi,Jones,40,Cloud Tech-Nevada,Inactive,2024-04-08,108781,heidi.jones@example.com,-3904383033,Poor,False
EMP1322,Frank,Brown,35,Finance-Texas,Pending,2024-11-04,65489,frank.brown@example.com,-1990970050,Average,True
EMP1323,Eva,Johnson,32,Sales-Illinois,Pending,2022-05-05,70663,eva.johnson@example.com,-4054683564,Excellent,False
EMP1324,David,Miller,40,Sales-New York,Inactive,2023-02-01,95823,david.miller@example.com,-2156818208,Average,False
EMP1325,Eva,Miller,40,DevOps-Nevada,Pending,2022-10-01,82258,eva.miller@example.com,-6790422710,Average,True
EMP1326,Frank,Williams,30,Admin-Nevada,Pending,2022-09-27,62883,frank.williams@example.com,-3322889856,Average,False
EMP1327,Alice,Davis,32,Cloud Tech-Texas,Pending,2020-04-09,103504,alice.davis@example.com,-2545960632,Average,True
EMP1328,David,Garcia,25,DevOps-New York,Active,2021-03-23,85401,david.garcia@example.com,-9912971023,Poor,True
EMP1329,Heidi,Garcia,40,Cloud Tech-Texas,Pending,2023-02-03,85155,heidi.garcia@example.com,-8171752420,Excellent,False
EMP1330,Eva,Smith,32,HR-Texas,Pending,2024-07-23,98850,eva.smith@example.com,-4955112746,Poor,False
EMP1331,Charlie,Smith,25,Cloud Tech-Illinois,Active,2021-05-08,63435,charlie.smith@example.com,-4721970545,Poor,False
EMP1332,Frank,Brown,35,Finance-Texas,Inactive,2022-04-11,82130,frank.brown@example.com,-6927589550,Average,False
EMP1333,David,Williams,35,DevOps-Texas,Pending,2024-10-23,95493,david.williams@example.com,-6874090379,Good,False
EMP1334,Grace,Miller,40,Finance-Illinois,Inactive,2020-04-24,94572,grace.miller@example.com,-2146296135,Good,False
EMP1335,Bob,Garcia,40,Finance-Nevada,Inactive,2023-03-04,118413,bob.garcia@example.com,-7157787111,Poor,False
EMP1336,Alice,Jones,30,Admin-Nevada,Pending,2022-08-31,68977,alice.jones@example.com,-1663651558,Poor,True
EMP1337,Eva,Williams,32,Sales-Nevada,Active,2021-01-02,115014,eva.williams@example.com,-7371470826,Average,False
EMP1338,David,Brown,32,Admin-Nevada,Inactive,2020-06-06,70949,david.brown@example.com,-2359096055,Poor,True
EMP1339,Grace,Brown,32,HR-Florida,Pending,2020-10-13,105335,grace.brown@example.com,-7303064420,Average,False
EMP1340,Bob,Williams,32,DevOps-California,Active,2020-07-19,80596,bob.williams@example.com,-2146147682,Good,False
EMP1341,Frank,Brown,32,Sales-Illinois,Inactive,2024-05-03,72846,frank.brown@example.com,-4201654234,Good,True
EMP1342,Heidi,Williams,40,Admin-California,Pending,2022-02-07,80229,heidi.williams@example.com,-6778265959,Excellent,False
EMP1343,Grace,Johnson,25,Sales-California,Active,2023-12-31,55145,grace.johnson@example.com,-8931992549,Good,False
EMP1344,Grace,Williams,30,DevOps-Florida,Inactive,2022-01-08,85155,grace.williams@example.com,-2727516479,Poor,True
EMP1345,Eva,Davis,40,HR-California,Active,2020-09-28,56111,eva.davis@example.com,-7279103367,Good,False
EMP1346,Grace,Williams,25,Cloud Tech-Texas,Inactive,2023-02-09,56514,grace.williams@example.com,-2963533904,Average,False
EMP1347,Frank,Brown,40,Cloud Tech-California,Inactive,2022-03-05,104542,frank.brown@example.com,-5044817765,Good,False
EMP1348,David,Garcia,32,Sales-New York,Pending,2022-02-18,61865,david.garcia@example.com,-5586851275,Excellent,True
EMP1349,Eva,Davis,40,Admin-Texas,Active,2022-06-09,69317,eva.davis@example.com,-5289286645,Good,False
EMP1350,Bob,Brown,35,HR-New York,Pending,2023-07-04,84706,bob.brown@example.com,-4911110960,Average,False
EMP1351,Heidi,Smith,25,Admin-California,Active,2022-03-21,73255,heidi.smith@example.com,-7981789045,Average,False
EMP1352,Frank,Smith,40,HR-Florida,Pending,2023-05-02,59529,frank.smith@example.com,-3378613714,Poor,False
EMP1353,David,Garcia,40,HR-New York,Inactive,2021-10-15,70401,david.garcia@example.com,-7660538443,Good,True
EMP1354,Heidi,Garcia,32,Admin-California,Inactive,2021-07-28,107155,heidi.garcia@example.com,-4630600024,Average,True
EMP1355,Bob,Davis,32,Admin-Illinois,Pending,2021-01-03,97720,bob.davis@example.com,-8955296385,Excellent,False
EMP1356,Heidi,Johnson,30,Finance-California,Pending,2020-05-21,107328,heidi.johnson@example.com,-3960962625,Poor,False
EMP1357,Grace,Garcia,40,Admin-Nevada,Inactive,2021-05-10,67688,grace.garcia@example.com,-5826312818,Excellent,True
EMP1358,Grace,Smith,40,Cloud Tech-Florida,Pending,2022-09-08,90757,grace.smith@example.com,-6482531105,Good,True
EMP1359,Grace,Williams,32,Cloud Tech-California,Pending,2024-07-21,87583,grace.williams@example.com,-920981959,Good,False
EMP1360,Bob,Brown,25,Admin-Nevada,Pending,2021-12-28,61644,bob.brown@example.com,-2752334382,Good,True
EMP1361,Grace,Smith,35,Finance-Texas,Active,2020-07-20,68112,grace.smith@example.com,-6404120910,Poor,False
EMP1362,David,Smith,40,HR-Florida,Inactive,2024-04-30,97569,david.smith@example.com,-7911244210,Average,True
EMP1363,Charlie,Johnson,35,Cloud Tech-Florida,Active,2021-08-28,79118,charlie.johnson@example.com,-7536170616,Poor,True
EMP1364,Bob,Davis,30,HR-California,Inactive,2022-07-21,104899,bob.davis@example.com,-1366572239,Excellent,True
EMP1365,Frank,Davis,40,Cloud Tech-Florida,Pending,2023-11-27,81671,frank.davis@example.com,-2990155798,Poor,True
EMP1366,Alice,Miller,25,Cloud Tech-California,Pending,2020-08-11,97400,alice.miller@example.com,-8028413907,Excellent,False
EMP1367,David,Johnson,32,Admin-Illinois,Active,2021-11-08,89189,david.johnson@example.com,-882351304,Poor,True
EMP1368,David,Williams,40,DevOps-New York,Active,2023-08-04,96012,david.williams@example.com,-2312447314,Average,True
EMP1369,David,Davis,40,Sales-Florida,Inactive,2020-01-10,99331,david.davis@example.com,-8477686341,Excellent,False
EMP1370,Bob,Brown,32,Cloud Tech-Illinois,Active,2022-01-19,72819,bob.brown@example.com,-3461994236,Good,True
EMP1371,Eva,Garcia,40,Sales-Nevada,Inactive,2023-05-07,77205,eva.garcia@example.com,-6769459195,Good,True
EMP1372,Bob,Johnson,35,HR-Florida,Pending,2020-12-19,106962,bob.johnson@example.com,-6395517207,Poor,False
EMP1373,Eva,Garcia,32,Sales-Texas,Pending,2020-10-01,71923,eva.garcia@example.com,-4964985600,Good,True
EMP1374,Bob,Smith,30,HR-Nevada,Active,2022-11-12,77192,bob.smith@example.com,-2562531354,Excellent,False
EMP1375,Grace,Brown,40,Admin-Florida,Pending,2023-01-05,98540,grace.brown@example.com,-2510505378,Good,False
EMP1376,Charlie,Brown,32,Admin-Florida,Inactive,2020-10-14,63097,charlie.brown@example.com,-5381649382,Average,False
EMP1377,Alice,Smith,35,Cloud Tech-Florida,Active,2021-02-03,107065,alice.smith@example.com,-1849196654,Average,False
EMP1378,Heidi,Johnson,40,DevOps-Florida,Inactive,2023-12-25,108792,heidi.johnson@example.com,-3307704610,Poor,True
EMP1379,Bob,Smith,32,Cloud Tech-New York,Inactive,2020-03-07,69240,bob.smith@example.com,-7295963903,Excellent,False
EMP1380,Charlie,Garcia,40,Sales-Nevada,Inactive,2023-01-30,85756,charlie.garcia@example.com,-907426087,Average,True
EMP1381,Eva,Miller,32,HR-Illinois,Active,2024-04-05,100329,eva.miller@example.com,-501716444,Average,True
EMP1382,Grace,Brown,25,DevOps-Nevada,Active,2021-09-01,111237,grace.brown@example.com,-5618579063,Excellent,True
EMP1383,Eva,Jones,35,Cloud Tech-Florida,Active,2024-05-07,106832,eva.jones@example.com,-7715910299,Good,True
EMP1384,Frank,Jones,32,DevOps-Florida,Active,2023-06-15,59746,frank.jones@example.com,-2156321357,Good,True
EMP1385,David,Garcia,25,Sales-California,Pending,2021-07-29,91780,david.garcia@example.com,-40104144,Poor,True
EMP1386,Eva,Williams,35,Sales-California,Pending,2023-10-23,107063,eva.williams@example.com,-9642297124,Good,True
EMP1387,Grace,Davis,25,HR-Nevada,Active,2023-12-07,110626,grace.davis@example.com,-2967188396,Excellent,True
EMP1388,Frank,Smith,30,DevOps-Florida,Inactive,2020-10-18,90420,frank.smith@example.com,-7457314414,Average,True
EMP1389,Grace,Smith,40,Finance-Texas,Pending,2024-06-15,111609,grace.smith@example.com,-8331170302,Good,True
EMP1390,Eva,Williams,35,Finance-Florida,Inactive,2023-04-06,50173,eva.williams@example.com,-7637153987,Poor,False
EMP1391,Bob,Williams,40,DevOps-Nevada,Pending,2022-01-03,109507,bob.williams@example.com,-5472812355,Good,False
EMP1392,Grace,Garcia,30,Finance-New York,Inactive,2021-07-03,72601,grace.garcia@example.com,-7983631461,Excellent,False
EMP1393,Charlie,Garcia,32,Finance-California,Pending,2024-04-10,53389,charlie.garcia@example.com,-4912711306,Poor,True
EMP1394,Heidi,Williams,25,Cloud Tech-New York,Inactive,2022-07-23,50047,heidi.williams@example.com,-2407875417,Good,False
EMP1395,David,Brown,30,DevOps-California,Active,2024-11-25,115291,david.brown@example.com,-1563268684,Poor,False
EMP1396,Frank,Garcia,35,Cloud Tech-California,Pending,2023-08-21,61587,frank.garcia@example.com,-745106633,Excellent,False
EMP1397,Eva,Miller,30,Finance-Nevada,Active,2023-12-12,56663,eva.miller@example.com,-3629489785,Average,True
EMP1398,Bob,Garcia,30,Sales-New York,Pending,2023-10-24,85155,bob.garcia@example.com,-1031310093,Excellent,True
EMP1399,Frank,Smith,25,Finance-Nevada,Active,2022-09-05,54958,frank.smith@example.com,-3181439665,Excellent,True
EMP1400,Bob,Garcia,25,HR-California,Inactive,2020-10-07,76790,bob.garcia@example.com,-1347323548,Excellent,True
EMP1401,Charlie,Brown,30,Cloud Tech-Illinois,Pending,2020-01-18,92722,charlie.brown@example.com,-4012897431,Excellent,False
EMP1402,Frank,Williams,30,DevOps-Nevada,Active,2022-04-23,93125,frank.williams@example.com,-5122572075,Average,False
EMP1403,David,Smith,25,Cloud Tech-New York,Active,2023-04-22,101101,david.smith@example.com,-5024120956,Average,False
EMP1404,Grace,Garcia,35,Admin-New York,Inactive,2023-08-13,55897,grace.garcia@example.com,-9073710093,Poor,False
EMP1405,Eva,Brown,25,DevOps-California,Active,2022-11-26,92485,eva.brown@example.com,-3882211456,Good,True
EMP1406,Grace,Miller,35,DevOps-Texas,Active,2022-10-10,77012,grace.miller@example.com,-7584745704,Average,True
EMP1407,Bob,Garcia,32,Cloud Tech-California,Inactive,2020-09-27,77079,bob.garcia@example.com,-4589714801,Average,True
EMP1408,Grace,Brown,35,Sales-Nevada,Active,2024-04-11,82971,grace.brown@example.com,-6325703964,Good,False
EMP1409,Bob,Miller,25,Sales-Texas,Active,2021-06-20,65102,bob.miller@example.com,-3136148781,Average,True
EMP1410,Grace,Williams,32,HR-Nevada,Pending,2022-10-23,103698,grace.williams@example.com,-4556964429,Excellent,True
EMP1411,Grace,Garcia,25,DevOps-Illinois,Pending,2023-06-15,60688,grace.garcia@example.com,-9859167953,Excellent,False
EMP1412,Bob,Miller,32,Admin-New York,Pending,2021-10-31,77351,bob.miller@example.com,-1072728497,Good,False
EMP1413,Bob,Smith,35,DevOps-Florida,Pending,2024-09-29,66705,bob.smith@example.com,-2474140702,Poor,True
EMP1414,Grace,Williams,25,Finance-Illinois,Pending,2020-04-22,71650,grace.williams@example.com,-4910740649,Poor,True
EMP1415,Charlie,Smith,25,Cloud Tech-Nevada,Active,2023-12-07,50795,charlie.smith@example.com,-425488213,Good,True
EMP1416,Frank,Jones,32,Sales-Nevada,Inactive,2020-12-07,76031,frank.jones@example.com,-2369143074,Good,True
EMP1417,Eva,Johnson,25,Cloud Tech-California,Inactive,2021-07-11,86670,eva.johnson@example.com,-3666144941,Excellent,True
EMP1418,Bob,Garcia,40,Finance-Illinois,Inactive,2020-04-23,84973,bob.garcia@example.com,-9659234267,Poor,True
EMP1419,Frank,Miller,30,HR-Texas,Pending,2023-10-12,100594,frank.miller@example.com,-3441497825,Average,False
EMP1420,Alice,Johnson,25,Cloud Tech-New York,Active,2022-08-24,75478,alice.johnson@example.com,-6128758574,Excellent,False
EMP1421,Charlie,Johnson,25,Sales-Nevada,Pending,2023-09-04,79356,charlie.johnson@example.com,-6766708060,Good,False
EMP1422,Grace,Miller,35,HR-Texas,Pending,2022-02-02,58358,grace.miller@example.com,-2943985297,Poor,True
EMP1423,Alice,Williams,30,Admin-Illinois,Active,2022-04-01,54825,alice.williams@example.com,-9406260786,Average,False
EMP1424,Eva,Garcia,35,HR-Texas,Pending,2022-07-24,50558,eva.garcia@example.com,-104159148,Average,True
EMP1425,Eva,Jones,32,Admin-Florida,Inactive,2023-04-26,118030,eva.jones@example.com,-7501980381,Excellent,True
EMP1426,David,Smith,32,Admin-New York,Active,2022-04-19,51674,david.smith@example.com,-8723244078,Poor,False
EMP1427,Alice,Brown,35,Cloud Tech-Nevada,Inactive,2024-10-04,101666,alice.brown@example.com,-3110291812,Poor,True
EMP1428,David,Smith,32,Admin-Florida,Inactive,2020-05-02,118079,david.smith@example.com,-3170876013,Good,True
EMP1429,Eva,Brown,25,Cloud Tech-New York,Pending,2022-04-25,99059,eva.brown@example.com,-6723849790,Poor,False
EMP1430,Bob,Smith,32,Cloud Tech-Illinois,Active,2023-07-29,107397,bob.smith@example.com,-6202232882,Poor,False
EMP1431,Alice,Miller,40,DevOps-New York,Active,2021-08-20,68269,alice.miller@example.com,-7744197545,Excellent,False
EMP1432,Grace,Jones,35,HR-Florida,Inactive,2021-04-23,55228,grace.jones@example.com,-6176620470,Poor,True
EMP1433,Bob,Garcia,30,Cloud Tech-New York,Inactive,2022-08-12,71982,bob.garcia@example.com,-9609409704,Average,False
EMP1434,Frank,Brown,30,Finance-California,Inactive,2021-06-26,109674,frank.brown@example.com,-2774025882,Excellent,False
EMP1435,Eva,Garcia,32,Cloud Tech-New York,Inactive,2020-10-30,56385,eva.garcia@example.com,-5868122594,Excellent,True
EMP1436,Frank,Garcia,40,Sales-Texas,Pending,2021-09-04,68212,frank.garcia@example.com,-7244617678,Good,False
EMP1437,Alice,Garcia,40,Finance-Illinois,Pending,2023-01-31,67490,alice.garcia@example.com,-2988425994,Poor,False
EMP1438,Charlie,Davis,25,Cloud Tech-Texas,Active,2020-09-24,63869,charlie.davis@example.com,-9961002310,Good,False
EMP1439,Bob,Williams,32,Sales-California,Active,2020-02-14,119801,bob.williams@example.com,-7753312660,Average,True
EMP1440,Heidi,Smith,30,Cloud Tech-California,Active,2020-03-28,115960,heidi.smith@example.com,-941017589,Excellent,True
EMP1441,Grace,Garcia,40,Finance-Texas,Inactive,2023-10-31,79866,grace.garcia@example.com,-2517629832,Excellent,True
EMP1442,Charlie,Smith,35,HR-Florida,Active,2020-03-11,92987,charlie.smith@example.com,-4774332682,Excellent,True
EMP1443,Eva,Garcia,40,Finance-Illinois,Inactive,2020-05-04,56141,eva.garcia@example.com,-1901302055,Average,False
EMP1444,Grace,Brown,30,DevOps-Illinois,Active,2023-07-15,119586,grace.brown@example.com,-9815287338,Average,True
EMP1445,Alice,Williams,40,DevOps-California,Inactive,2023-01-20,104700,alice.williams@example.com,-7855982175,Good,True
EMP1446,Frank,Williams,40,HR-New York,Active,2021-10-15,91798,frank.williams@example.com,-6191284116,Good,False
EMP1447,Eva,Miller,25,Finance-Illinois,Inactive,2024-04-19,90879,eva.miller@example.com,-3098503445,Good,False
EMP1448,Charlie,Davis,25,Admin-Nevada,Active,2021-06-29,87358,charlie.davis@example.com,-5124189388,Poor,False
EMP1449,Alice,Miller,30,Sales-Florida,Inactive,2024-09-14,119408,alice.miller@example.com,-8469081973,Excellent,True
EMP1450,David,Miller,32,HR-Nevada,Pending,2022-01-04,113979,david.miller@example.com,-56435022,Excellent,True
EMP1451,Frank,Miller,32,Sales-New York,Pending,2021-01-20,108569,frank.miller@example.com,-8503719904,Good,True
EMP1452,Heidi,Miller,32,HR-New York,Inactive,2020-03-18,56318,heidi.miller@example.com,-1699187239,Excellent,False
EMP1453,David,Miller,25,Sales-Florida,Active,2021-11-10,114253,david.miller@example.com,-1078356742,Good,False
EMP1454,Charlie,Jones,35,DevOps-New York,Inactive,2020-05-01,51534,charlie.jones@example.com,-3896086,Poor,True
EMP1455,Charlie,Williams,25,Sales-California,Active,2022-02-04,99318,charlie.williams@example.com,-662668216,Poor,False
EMP1456,Bob,Miller,35,HR-California,Active,2020-11-18,101265,bob.miller@example.com,-1955356032,Average,False
EMP1457,Heidi,Garcia,35,Admin-Nevada,Pending,2023-11-21,112272,heidi.garcia@example.com,-1903689002,Poor,False
EMP1458,Frank,Williams,30,DevOps-Illinois,Active,2022-02-13,71478,frank.williams@example.com,-102724054,Good,True
EMP1459,Charlie,Williams,30,DevOps-Texas,Pending,2023-03-19,77412,charlie.williams@example.com,-9342967110,Poor,False
EMP1460,Alice,Johnson,30,Sales-California,Pending,2021-03-28,94775,alice.johnson@example.com,-4837537457,Average,False
EMP1461,Heidi,Jones,30,HR-Nevada,Active,2021-05-02,74277,heidi.jones@example.com,-4384588104,Excellent,True
EMP1462,Bob,Miller,35,Finance-Texas,Inactive,2021-03-05,67468,bob.miller@example.com,-6974132833,Good,True
EMP1463,Eva,Smith,25,DevOps-Texas,Active,2022-03-01,80675,eva.smith@example.com,-8315203770,Excellent,False
EMP1464,Charlie,Brown,40,Finance-Florida,Inactive,2023-01-23,76274,charlie.brown@example.com,-704496409,Average,False
EMP1465,David,Davis,30,Finance-Texas,Active,2021-08-26,51405,david.davis@example.com,-4967066702,Average,True
EMP1466,Bob,Garcia,25,HR-New York,Inactive,2020-11-25,101239,bob.garcia@example.com,-3626804084,Average,True
EMP1467,Bob,Smith,35,Sales-Illinois,Inactive,2023-12-13,52170,bob.smith@example.com,-954930595,Excellent,False
EMP1468,Charlie,Jones,32,Finance-New York,Active,2020-07-26,73177,charlie.jones@example.com,-6018648768,Excellent,False
EMP1469,Grace,Brown,32,DevOps-Nevada,Pending,2021-06-27,96242,grace.brown@example.com,-9842673203,Excellent,False
EMP1470,Bob,Jones,25,Finance-Illinois,Pending,2024-09-16,84366,bob.jones@example.com,-4138459608,Excellent,False
EMP1471,Alice,Garcia,40,Cloud Tech-California,Pending,2023-07-04,92015,alice.garcia@example.com,-4544901494,Average,True
EMP1472,Alice,Williams,30,Admin-Nevada,Inactive,2020-06-16,83150,alice.williams@example.com,-4277070704,Average,False
EMP1473,Grace,Brown,40,Finance-Nevada,Inactive,2020-07-05,94931,grace.brown@example.com,-7836091497,Good,False
EMP1474,Frank,Williams,40,HR-New York,Inactive,2020-04-01,68431,frank.williams@example.com,-5172444722,Good,True
EMP1475,David,Garcia,35,Sales-Texas,Active,2024-03-20,98753,david.garcia@example.com,-2290310286,Excellent,False
EMP1476,Frank,Smith,32,Finance-Illinois,Active,2023-02-07,54269,frank.smith@example.com,-9508304404,Poor,True
EMP1477,Grace,Garcia,32,DevOps-Florida,Pending,2024-12-10,66495,grace.garcia@example.com,-8093511870,Poor,False
EMP1478,Grace,Smith,25,Sales-Illinois,Pending,2024-06-27,90004,grace.smith@example.com,-8133595615,Average,False
EMP1479,Charlie,Brown,25,Finance-New York,Active,2021-03-09,106592,charlie.brown@example.com,-4205955656,Average,True
EMP1480,Grace,Brown,25,DevOps-Florida,Active,2024-08-11,93906,grace.brown@example.com,-4902504289,Average,True
EMP1481,Eva,Miller,35,DevOps-Texas,Active,2022-03-05,88945,eva.miller@example.com,-1935889535,Good,False
EMP1482,Eva,Jones,32,Finance-Texas,Pending,2023-06-30,91130,eva.jones@example.com,-9026113988,Good,False
EMP1483,Bob,Miller,40,Admin-New York,Pending,2023-04-19,90787,bob.miller@example.com,-8681809787,Average,False
EMP1484,Bob,Jones,25,Sales-Texas,Inactive,2024-11-11,87494,bob.jones@example.com,-7543943534,Average,True
EMP1485,Grace,Miller,35,Finance-Nevada,Inactive,2023-03-17,92627,grace.miller@example.com,-3751376514,Average,False
EMP1486,Eva,Williams,40,Admin-Illinois,Pending,2023-10-26,98556,eva.williams@example.com,-8815793762,Poor,True
EMP1487,Frank,Brown,30,Cloud Tech-Nevada,Inactive,2021-07-04,112792,frank.brown@example.com,-9283692943,Good,True
EMP1488,Eva,Smith,35,HR-Florida,Pending,2023-11-03,56875,eva.smith@example.com,-5511668296,Poor,False
EMP1489,Charlie,Jones,35,DevOps-Florida,Inactive,2021-07-05,101016,charlie.jones@example.com,-3270216486,Poor,True
EMP1490,Bob,Garcia,30,Finance-New York,Inactive,2024-02-26,83912,bob.garcia@example.com,-1206021287,Average,False
EMP1491,Frank,Jones,25,Sales-New York,Active,2021-09-29,99670,frank.jones@example.com,-6652683414,Average,False
EMP1492,Alice,Smith,30,Admin-New York,Active,2021-05-25,52315,alice.smith@example.com,-5999101575,Excellent,False
EMP1493,Frank,Miller,30,HR-California,Inactive,2022-10-31,77786,frank.miller@example.com,-7647229811,Excellent,False
EMP1494,Alice,Jones,30,HR-Florida,Pending,2022-07-02,62431,alice.jones@example.com,-995765727,Poor,False
EMP1495,Frank,Davis,35,Admin-California,Pending,2024-08-28,98220,frank.davis@example.com,-9413475097,Good,True
EMP1496,Grace,Williams,25,Admin-Illinois,Active,2024-10-21,65495,grace.williams@example.com,-8986456521,Average,True
EMP1497,David,Brown,35,DevOps-Florida,Pending,2020-02-11,110524,david.brown@example.com,-368499514,Average,False
EMP1498,Alice,Smith,40,Admin-Nevada,Active,2023-05-16,106061,alice.smith@example.com,-4214477323,Poor,False
EMP1499,Eva,Brown,35,Finance-Florida,Inactive,2022-07-29,67640,eva.brown@example.com,-4913421387,Excellent,True
EMP1500,Grace,Davis,32,Cloud Tech-Texas,Pending,2023-09-18,117654,grace.davis@example.com,-2090883069,Good,True
EMP1501,Eva,Jones,35,DevOps-Texas,Inactive,2020-05-10,73540,eva.jones@example.com,-5349678273,Excellent,True
EMP1502,Frank,Jones,35,HR-Nevada,Pending,2023-08-27,70915,frank.jones@example.com,-1176741240,Excellent,True
EMP1503,David,Garcia,25,Sales-Florida,Pending,2021-10-16,97653,david.garcia@example.com,-5131528546,Excellent,False
EMP1504,Heidi,Davis,35,HR-Florida,Inactive,2022-03-06,101571,heidi.davis@example.com,-8150618537,Excellent,False
EMP1505,David,Smith,35,DevOps-Nevada,Active,2023-11-06,87424,david.smith@example.com,-32963346,Average,True
EMP1506,Frank,Garcia,32,HR-New York,Pending,2024-11-30,89077,frank.garcia@example.com,-2727423182,Average,False
EMP1507,Heidi,Williams,30,DevOps-California,Pending,2024-07-13,89132,heidi.williams@example.com,-617893205,Excellent,True
EMP1508,Frank,Garcia,25,Admin-California,Active,2024-03-04,111000,frank.garcia@example.com,-4969357823,Good,False
EMP1509,Frank,Johnson,35,HR-Illinois,Inactive,2022-08-07,109585,frank.johnson@example.com,-3477695873,Poor,True
EMP1510,Bob,Smith,40,Admin-Illinois,Active,2024-11-11,97649,bob.smith@example.com,-1314675360,Good,False
EMP1511,Grace,Johnson,25,Admin-New York,Active,2021-12-02,78643,grace.johnson@example.com,-2751562778,Good,True
EMP1512,Heidi,Davis,30,HR-Nevada,Active,2024-05-14,55657,heidi.davis@example.com,-6304483607,Good,True
EMP1513,Charlie,Miller,35,DevOps-Texas,Active,2022-07-14,69147,charlie.miller@example.com,-5456676639,Excellent,False
EMP1514,Charlie,Johnson,32,Admin-Florida,Active,2020-09-22,93014,charlie.johnson@example.com,-4735047638,Average,True
EMP1515,Grace,Williams,40,Finance-Florida,Active,2020-03-18,87365,grace.williams@example.com,-2831995297,Good,False
EMP1516,Alice,Garcia,35,Sales-New York,Active,2023-10-17,50289,alice.garcia@example.com,-61558107,Excellent,False
EMP1517,David,Miller,35,HR-New York,Active,2022-02-24,85234,david.miller@example.com,-3583286341,Good,True
EMP1518,Bob,Garcia,25,HR-California,Inactive,2024-01-30,86420,bob.garcia@example.com,-5563830007,Good,False
EMP1519,Grace,Johnson,30,HR-Florida,Inactive,2024-03-16,63190,grace.johnson@example.com,-1867024402,Excellent,False
EMP1520,Grace,Garcia,25,Admin-New York,Pending,2020-09-25,64783,grace.garcia@example.com,-3041662410,Average,False
EMP1521,Charlie,Davis,25,HR-Nevada,Pending,2024-06-10,52615,charlie.davis@example.com,-1860089218,Average,False
EMP1522,Eva,Miller,32,Sales-Texas,Pending,2020-04-08,96338,eva.miller@example.com,-6394568043,Poor,False
EMP1523,Alice,Davis,25,DevOps-Texas,Inactive,2022-06-28,76618,alice.davis@example.com,-7314976460,Excellent,True
EMP1524,Heidi,Johnson,30,Admin-Nevada,Pending,2023-07-14,50651,heidi.johnson@example.com,-3684748835,Poor,False
EMP1525,Bob,Davis,32,HR-Illinois,Pending,2023-12-06,59601,bob.davis@example.com,-765817389,Poor,False
EMP1526,Bob,Williams,32,DevOps-Illinois,Active,2021-08-01,57981,bob.williams@example.com,-6375791451,Poor,False
EMP1527,David,Johnson,32,Admin-California,Pending,2021-02-17,75055,david.johnson@example.com,-1182379311,Average,False
EMP1528,Charlie,Johnson,25,Sales-Florida,Active,2023-11-10,115319,charlie.johnson@example.com,-6978930745,Excellent,False
EMP1529,Alice,Johnson,25,DevOps-Texas,Active,2024-09-06,90191,alice.johnson@example.com,-4520599603,Poor,True
EMP1530,Bob,Smith,32,Cloud Tech-Nevada,Pending,2020-07-26,113335,bob.smith@example.com,-3878753576,Excellent,False
EMP1531,Heidi,Garcia,35,HR-Florida,Active,2020-07-23,106922,heidi.garcia@example.com,-8811616201,Excellent,True
EMP1532,Eva,Smith,35,DevOps-California,Inactive,2024-02-21,58113,eva.smith@example.com,-8123710671,Average,True
EMP1533,Alice,Smith,25,Admin-Nevada,Pending,2020-12-15,73006,alice.smith@example.com,-8728660415,Poor,True
EMP1534,Eva,Williams,25,HR-California,Active,2020-08-21,78054,eva.williams@example.com,-4485959223,Poor,True
EMP1535,Eva,Miller,40,DevOps-Florida,Inactive,2023-08-21,112029,eva.miller@example.com,-8395894772,Excellent,False
EMP1536,Charlie,Garcia,25,Admin-Texas,Inactive,2023-04-24,83787,charlie.garcia@example.com,-5228705621,Good,True
EMP1537,Heidi,Davis,30,Sales-Florida,Inactive,2023-06-06,52017,heidi.davis@example.com,-7104331874,Average,True
EMP1538,Charlie,Jones,40,Finance-Texas,Inactive,2022-06-21,53218,charlie.jones@example.com,-1097921582,Average,False
EMP1539,Frank,Johnson,25,DevOps-Nevada,Pending,2024-04-20,102054,frank.johnson@example.com,-5034469458,Average,False
EMP1540,David,Davis,35,Sales-Illinois,Pending,2023-12-05,93277,david.davis@example.com,-6488319212,Average,False
EMP1541,David,Johnson,40,HR-Nevada,Pending,2023-08-06,76941,david.johnson@example.com,-4249128964,Poor,True
EMP1542,Alice,Williams,25,DevOps-New York,Pending,2024-10-04,82850,alice.williams@example.com,-9994973202,Poor,False
EMP1543,Charlie,Johnson,25,Finance-California,Active,2021-11-08,117910,charlie.johnson@example.com,-3192227050,Good,False
EMP1544,David,Smith,32,DevOps-Florida,Inactive,2024-07-31,66450,david.smith@example.com,-287675480,Average,True
EMP1545,Heidi,Garcia,25,Finance-Florida,Inactive,2020-08-31,118647,heidi.garcia@example.com,-3866675484,Average,False
EMP1546,Alice,Jones,25,Finance-Florida,Active,2023-02-15,88437,alice.jones@example.com,-8193242686,Excellent,False
EMP1547,Eva,Brown,32,Sales-New York,Pending,2023-10-07,81935,eva.brown@example.com,-7418652056,Poor,False
EMP1548,Alice,Johnson,30,Finance-California,Pending,2024-04-20,93383,alice.johnson@example.com,-5639836519,Average,False
EMP1549,Frank,Davis,40,Cloud Tech-Texas,Pending,2021-03-30,50154,frank.davis@example.com,-3758309450,Good,True
EMP1550,Eva,Smith,32,Sales-California,Pending,2020-08-05,53204,eva.smith@example.com,-5480940475,Good,False
EMP1551,Charlie,Brown,40,Cloud Tech-California,Pending,2021-02-05,63128,charlie.brown@example.com,-440907976,Poor,False
EMP1552,Grace,Jones,30,Finance-New York,Pending,2021-11-23,57544,grace.jones@example.com,-2781050921,Good,True
EMP1553,Bob,Brown,40,Finance-Nevada,Pending,2022-10-29,59425,bob.brown@example.com,-2161070517,Good,False
EMP1554,Alice,Smith,32,Finance-Illinois,Inactive,2022-11-07,104676,alice.smith@example.com,-4390552957,Poor,True
EMP1555,Charlie,Garcia,30,Cloud Tech-Florida,Pending,2023-05-14,92431,charlie.garcia@example.com,-660138240,Average,False
EMP1556,Grace,Garcia,40,Sales-Nevada,Active,2021-07-14,77851,grace.garcia@example.com,-2704938619,Average,True
EMP1557,Eva,Miller,40,Admin-New York,Inactive,2023-05-18,99001,eva.miller@example.com,-4485157918,Good,True
EMP1558,Eva,Garcia,32,HR-Nevada,Pending,2023-02-07,94281,eva.garcia@example.com,-7111212589,Good,True
EMP1559,Eva,Miller,35,DevOps-New York,Pending,2023-08-24,118263,eva.miller@example.com,-2035713431,Average,True
EMP1560,Frank,Brown,25,HR-Illinois,Inactive,2023-04-08,89945,frank.brown@example.com,-4064242955,Poor,False
EMP1561,Grace,Williams,32,HR-Florida,Active,2022-12-06,57453,grace.williams@example.com,-3343244740,Good,True
EMP1562,Alice,Davis,25,Admin-California,Active,2021-08-09,97837,alice.davis@example.com,-7595587208,Excellent,False
EMP1563,Alice,Davis,35,Admin-Illinois,Active,2022-01-04,106982,alice.davis@example.com,-6289365434,Poor,True
EMP1564,David,Brown,32,Finance-New York,Pending,2024-05-25,105778,david.brown@example.com,-8841834373,Good,True
EMP1565,Alice,Johnson,40,Finance-Florida,Pending,2021-10-02,117608,alice.johnson@example.com,-182727954,Good,True
EMP1566,Eva,Johnson,30,Sales-Florida,Active,2023-07-21,99324,eva.johnson@example.com,-9690515025,Excellent,False
EMP1567,David,Garcia,30,HR-Florida,Active,2023-10-30,55213,david.garcia@example.com,-7551254277,Excellent,True
EMP1568,Bob,Davis,40,Cloud Tech-Florida,Inactive,2023-02-13,68497,bob.davis@example.com,-2079799666,Average,False
EMP1569,Eva,Davis,25,HR-Florida,Pending,2020-11-13,52796,eva.davis@example.com,-3459576402,Poor,False
EMP1570,Alice,Miller,32,DevOps-California,Inactive,2024-06-05,90087,alice.miller@example.com,-8166496901,Poor,False
EMP1571,Frank,Williams,32,Admin-New York,Pending,2020-05-19,105038,frank.williams@example.com,-8249839224,Average,False
EMP1572,Grace,Smith,25,HR-New York,Active,2023-09-20,73232,grace.smith@example.com,-142576269,Poor,False
EMP1573,David,Johnson,32,Sales-Florida,Pending,2024-08-13,102649,david.johnson@example.com,-2324412335,Poor,False
EMP1574,Bob,Davis,35,Finance-New York,Pending,2023-06-10,114303,bob.davis@example.com,-1328507250,Poor,False
EMP1575,Alice,Miller,35,Finance-Texas,Inactive,2021-06-09,87817,alice.miller@example.com,-7863767315,Poor,False
EMP1576,Frank,Jones,32,Sales-Florida,Inactive,2020-03-30,70750,frank.jones@example.com,-2526546967,Poor,False
EMP1577,Frank,Miller,32,Cloud Tech-Texas,Active,2024-05-02,85155,frank.miller@example.com,-1579039234,Excellent,True
EMP1578,Bob,Johnson,30,DevOps-Nevada,Active,2024-11-06,97978,bob.johnson@example.com,-5580996131,Poor,True
EMP1579,David,Johnson,32,DevOps-Nevada,Inactive,2023-08-17,107173,david.johnson@example.com,-7303461561,Excellent,True
EMP1580,Charlie,Miller,25,Finance-Nevada,Inactive,2020-03-18,56126,charlie.miller@example.com,-6244670461,Poor,True
EMP1581,Eva,Smith,32,Cloud Tech-Illinois,Active,2021-06-13,78534,eva.smith@example.com,-2681715159,Average,True
EMP1582,Grace,Brown,40,HR-Texas,Inactive,2023-10-10,85155,grace.brown@example.com,-2529867075,Good,False
EMP1583,Bob,Johnson,32,Cloud Tech-Nevada,Active,2022-01-02,114963,bob.johnson@example.com,-6046419784,Excellent,False
EMP1584,Eva,Miller,32,Cloud Tech-California,Inactive,2022-02-20,77658,eva.miller@example.com,-7585126860,Poor,False
EMP1585,Heidi,Davis,30,Sales-New York,Active,2024-03-09,77369,heidi.davis@example.com,-2059438975,Average,False
EMP1586,Eva,Miller,30,HR-Nevada,Pending,2023-08-19,76119,eva.miller@example.com,-740177508,Good,False
EMP1587,Charlie,Williams,25,Cloud Tech-Texas,Pending,2023-05-06,77586,charlie.williams@example.com,-5465408423,Excellent,False
EMP1588,Bob,Brown,35,Admin-Nevada,Pending,2024-01-26,74070,bob.brown@example.com,-5607540914,Good,False
EMP1589,Charlie,Jones,30,Admin-New York,Pending,2024-09-05,67692,charlie.jones@example.com,-863218121,Average,True
EMP1590,Alice,Smith,32,Finance-Nevada,Pending,2020-05-29,70346,alice.smith@example.com,-7645793896,Excellent,True
EMP1591,Bob,Garcia,30,DevOps-Illinois,Inactive,2021-11-08,75000,bob.garcia@example.com,-155029167,Good,True
EMP1592,David,Jones,25,HR-Illinois,Active,2021-01-31,72245,david.jones@example.com,-1546602415,Poor,True
EMP1593,Eva,Brown,32,Admin-Illinois,Pending,2022-01-16,106539,eva.brown@example.com,-1394498829,Excellent,False
EMP1594,Charlie,Brown,25,HR-New York,Active,2023-12-29,101787,charlie.brown@example.com,-5973642479,Good,False
EMP1595,Frank,Brown,30,DevOps-Nevada,Inactive,2024-12-02,83597,frank.brown@example.com,-9624406305,Average,False
EMP1596,Eva,Jones,40,Sales-Texas,Active,2023-08-15,92464,eva.jones@example.com,-2447951329,Average,True
EMP1597,Charlie,Davis,32,Admin-California,Pending,2024-12-20,93863,charlie.davis@example.com,-5319497968,Excellent,False
EMP1598,Alice,Brown,32,DevOps-Texas,Pending,2023-03-31,78359,alice.brown@example.com,-5867805554,Good,False
EMP1599,Alice,Miller,32,HR-Illinois,Pending,2022-08-24,95774,alice.miller@example.com,-7277382645,Excellent,False
EMP1600,Grace,Jones,30,Sales-Nevada,Inactive,2020-10-01,82529,grace.jones@example.com,-917851384,Excellent,True
EMP1601,Grace,Garcia,35,Sales-Texas,Pending,2021-05-04,109359,grace.garcia@example.com,-4457702991,Good,False
EMP1602,Charlie,Brown,32,Admin-Florida,Active,2021-01-01,89645,charlie.brown@example.com,-9596604872,Good,True
EMP1603,Charlie,Miller,40,HR-Texas,Active,2024-04-08,84135,charlie.miller@example.com,-6826911632,Poor,True
EMP1604,Frank,Davis,30,Cloud Tech-Nevada,Active,2022-11-26,113541,frank.davis@example.com,-1942268652,Good,True
EMP1605,Heidi,Williams,40,Cloud Tech-Texas,Pending,2021-10-25,57226,heidi.williams@example.com,-6945515887,Average,True
EMP1606,Eva,Davis,35,Sales-Illinois,Pending,2020-12-22,76366,eva.davis@example.com,-6367747225,Excellent,False
EMP1607,Bob,Garcia,32,HR-Florida,Active,2022-11-23,78409,bob.garcia@example.com,-4085721695,Excellent,True
EMP1608,Frank,Brown,40,Finance-Illinois,Active,2022-10-24,111742,frank.brown@example.com,-6630932997,Average,True
EMP1609,David,Garcia,25,Sales-Nevada,Inactive,2021-03-09,60517,david.garcia@example.com,-1996059328,Good,False
EMP1610,Bob,Jones,30,Finance-California,Pending,2020-08-20,83706,bob.jones@example.com,-7150968831,Average,False
EMP1611,David,Johnson,32,Admin-Nevada,Inactive,2020-02-15,67057,david.johnson@example.com,-7532735240,Average,True
EMP1612,Charlie,Brown,30,DevOps-Illinois,Active,2024-12-29,90059,charlie.brown@example.com,-397739731,Poor,False
EMP1613,Eva,Johnson,30,Sales-Florida,Pending,2023-02-28,94634,eva.johnson@example.com,-7819523709,Average,True
EMP1614,Eva,Miller,25,Admin-Florida,Pending,2022-08-23,110711,eva.miller@example.com,-687616480,Excellent,True
EMP1615,Grace,Williams,32,Admin-Illinois,Active,2023-06-30,96175,grace.williams@example.com,-9807704604,Average,True
EMP1616,Frank,Smith,40,Sales-Illinois,Active,2021-04-15,76475,frank.smith@example.com,-6876112490,Excellent,True
EMP1617,Alice,Garcia,30,Sales-Illinois,Pending,2022-05-09,107856,alice.garcia@example.com,-2565237340,Excellent,False
EMP1618,Charlie,Davis,40,Sales-Illinois,Active,2024-12-02,104871,charlie.davis@example.com,-5177345474,Excellent,True
EMP1619,Bob,Williams,25,Finance-Nevada,Active,2023-05-20,85155,bob.williams@example.com,-7494902283,Good,False
EMP1620,Grace,Brown,32,Finance-California,Active,2023-11-29,87087,grace.brown@example.com,-359544293,Poor,False
EMP1621,Heidi,Johnson,40,HR-Illinois,Pending,2024-04-08,108603,heidi.johnson@example.com,-7742229463,Excellent,False
EMP1622,Grace,Davis,30,HR-Florida,Active,2024-10-25,55867,grace.davis@example.com,-3039429044,Excellent,False
EMP1623,Grace,Johnson,35,Admin-Texas,Pending,2024-03-02,105260,grace.johnson@example.com,-8867925297,Good,True
EMP1624,Bob,Jones,32,Cloud Tech-Florida,Pending,2021-02-24,98144,bob.jones@example.com,-5856728726,Excellent,False
EMP1625,Frank,Johnson,25,Admin-Florida,Pending,2023-04-13,67754,frank.johnson@example.com,-6015343323,Average,True
EMP1626,Grace,Jones,32,HR-Illinois,Inactive,2023-10-25,77822,grace.jones@example.com,-9135779082,Average,False
EMP1627,Heidi,Miller,30,HR-Illinois,Pending,2022-09-17,67764,heidi.miller@example.com,-3506158147,Poor,False
EMP1628,Frank,Davis,40,DevOps-New York,Pending,2020-08-31,102347,frank.davis@example.com,-8810798333,Excellent,True
EMP1629,Charlie,Davis,25,Admin-Illinois,Inactive,2024-05-28,73691,charlie.davis@example.com,-2337209483,Good,True
EMP1630,Alice,Smith,30,Finance-Nevada,Active,2024-07-05,56376,alice.smith@example.com,-1312840332,Average,True
EMP1631,Grace,Brown,25,Cloud Tech-California,Active,2022-01-29,55603,grace.brown@example.com,-9977180512,Good,False
EMP1632,Grace,Jones,40,Sales-Nevada,Pending,2021-08-09,99812,grace.jones@example.com,-7171731892,Good,False
EMP1633,Charlie,Smith,40,Finance-Texas,Active,2024-10-07,95982,charlie.smith@example.com,-9749096172,Average,True
EMP1634,Eva,Johnson,30,Cloud Tech-Illinois,Pending,2022-11-22,98891,eva.johnson@example.com,-9970469471,Good,True
EMP1635,Alice,Johnson,35,Admin-Nevada,Active,2020-11-18,56079,alice.johnson@example.com,-5878444834,Average,True
EMP1636,Grace,Smith,35,DevOps-Florida,Inactive,2023-04-15,85155,grace.smith@example.com,-4884712704,Good,True
EMP1637,Bob,Davis,25,Sales-California,Pending,2024-08-26,89138,bob.davis@example.com,-8772216416,Average,False
EMP1638,Frank,Johnson,35,Admin-Illinois,Active,2022-07-20,115080,frank.johnson@example.com,-5823133483,Excellent,True
EMP1639,Eva,Garcia,30,Finance-Illinois,Active,2023-02-18,55067,eva.garcia@example.com,-5871493924,Poor,True
EMP1640,Bob,Miller,32,HR-Illinois,Pending,2021-05-27,98593,bob.miller@example.com,-2362292586,Average,True
EMP1641,Heidi,Miller,30,HR-Florida,Pending,2022-08-01,112757,heidi.miller@example.com,-9643474523,Average,True
EMP1642,Heidi,Garcia,25,HR-Texas,Inactive,2023-07-21,105206,heidi.garcia@example.com,-5557469659,Poor,False
EMP1643,David,Smith,35,Finance-California,Pending,2023-01-02,50681,david.smith@example.com,-6065274032,Average,True
EMP1644,David,Garcia,35,Cloud Tech-Florida,Pending,2024-03-13,107475,david.garcia@example.com,-4450566587,Average,False
EMP1645,Charlie,Jones,40,HR-California,Active,2023-03-20,68835,charlie.jones@example.com,-3398741131,Good,True
EMP1646,David,Jones,40,DevOps-New York,Active,2024-02-15,66944,david.jones@example.com,-5797067348,Poor,True
EMP1647,David,Smith,30,Admin-Illinois,Inactive,2020-11-15,104526,david.smith@example.com,-9601054856,Excellent,False
EMP1648,Bob,Garcia,40,Sales-Texas,Pending,2020-03-27,109361,bob.garcia@example.com,-4172156228,Average,True
EMP1649,Frank,Jones,40,Sales-California,Inactive,2021-01-09,118908,frank.jones@example.com,-4938173597,Poor,False
EMP1650,Eva,Davis,40,Admin-Illinois,Active,2020-04-20,86801,eva.davis@example.com,-4884021556,Good,False
EMP1651,Alice,Garcia,32,HR-Florida,Pending,2024-05-08,62236,alice.garcia@example.com,-3257375533,Excellent,True
EMP1652,Heidi,Davis,35,DevOps-Texas,Active,2023-10-12,64753,heidi.davis@example.com,-4902166669,Poor,False
EMP1653,Frank,Jones,35,Sales-California,Active,2023-01-28,68399,frank.jones@example.com,-8085096084,Excellent,False
EMP1654,Frank,Miller,35,Admin-Florida,Inactive,2021-03-07,79337,frank.miller@example.com,-8749511917,Excellent,False
EMP1655,Frank,Jones,40,HR-Florida,Active,2023-03-16,59180,frank.jones@example.com,-1828197930,Excellent,False
EMP1656,David,Davis,25,DevOps-California,Active,2023-02-11,80255,david.davis@example.com,-6477251294,Average,False
EMP1657,Charlie,Williams,30,Finance-Texas,Active,2022-05-13,84972,charlie.williams@example.com,-7860694095,Average,False
EMP1658,Frank,Brown,40,HR-California,Pending,2024-10-24,89748,frank.brown@example.com,-35624394,Good,False
EMP1659,Charlie,Johnson,25,Admin-California,Inactive,2024-09-14,94090,charlie.johnson@example.com,-8739592322,Good,False
EMP1660,Frank,Garcia,35,HR-California,Pending,2023-02-15,115229,frank.garcia@example.com,-4210890284,Poor,True
EMP1661,Alice,Williams,40,Cloud Tech-California,Pending,2023-05-25,63927,alice.williams@example.com,-1553334263,Good,True
EMP1662,Charlie,Jones,35,HR-California,Pending,2022-11-11,84125,charlie.jones@example.com,-3350271606,Excellent,False
EMP1663,Bob,Miller,40,Sales-California,Inactive,2023-07-17,116962,bob.miller@example.com,-3607763368,Excellent,True
EMP1664,Frank,Smith,40,DevOps-Illinois,Pending,2022-04-08,109423,frank.smith@example.com,-1128981230,Average,False
EMP1665,Charlie,Jones,35,Admin-California,Inactive,2023-08-30,70395,charlie.jones@example.com,-7955633184,Excellent,False
EMP1666,Grace,Miller,35,Finance-California,Pending,2023-04-17,86466,grace.miller@example.com,-7481700665,Poor,True
EMP1667,Charlie,Brown,30,Cloud Tech-New York,Pending,2021-04-25,96342,charlie.brown@example.com,-1554164315,Excellent,False
EMP1668,Bob,Jones,30,Admin-Florida,Active,2020-07-14,54465,bob.jones@example.com,-7045023289,Excellent,False
EMP1669,Alice,Davis,25,Finance-Illinois,Active,2020-07-31,68372,alice.davis@example.com,-2822700933,Poor,False
EMP1670,Grace,Smith,35,Admin-New York,Pending,2021-08-04,81021,grace.smith@example.com,-5962622821,Good,False
EMP1671,Charlie,Miller,25,Cloud Tech-Nevada,Inactive,2024-10-28,114069,charlie.miller@example.com,-5120734653,Good,True
EMP1672,Heidi,Miller,32,HR-Illinois,Inactive,2020-10-03,117868,heidi.miller@example.com,-9500507025,Poor,False
EMP1673,Charlie,Miller,32,Sales-Florida,Pending,2024-03-13,94510,charlie.miller@example.com,-869822104,Average,False
EMP1674,Eva,Brown,35,Finance-Illinois,Active,2024-07-06,56269,eva.brown@example.com,-3161177686,Excellent,False
EMP1675,Grace,Jones,35,Admin-California,Active,2020-01-01,86632,grace.jones@example.com,-2904774257,Poor,True
EMP1676,Charlie,Brown,35,HR-Florida,Pending,2020-01-18,98144,charlie.brown@example.com,-5917793237,Excellent,False
EMP1677,Heidi,Garcia,35,Cloud Tech-Florida,Inactive,2023-05-07,85155,heidi.garcia@example.com,-2231164912,Average,True
EMP1678,Frank,Johnson,30,Finance-Illinois,Inactive,2022-03-19,67493,frank.johnson@example.com,-3424579888,Excellent,True
EMP1679,Grace,Johnson,40,Admin-California,Active,2022-05-14,93773,grace.johnson@example.com,-4256529059,Poor,False
EMP1680,Eva,Garcia,35,DevOps-Nevada,Pending,2024-07-14,68818,eva.garcia@example.com,-3202032649,Excellent,False
EMP1681,Bob,Jones,30,Admin-California,Active,2023-07-28,81874,bob.jones@example.com,-9775396736,Good,True
EMP1682,Heidi,Davis,30,HR-Texas,Active,2020-04-11,117880,heidi.davis@example.com,-9487148551,Average,False
EMP1683,Bob,Brown,35,HR-New York,Pending,2022-06-16,100897,bob.brown@example.com,-4578715840,Average,True
EMP1684,Charlie,Smith,25,Finance-New York,Inactive,2022-05-10,71810,charlie.smith@example.com,-5608213710,Average,True
EMP1685,Frank,Miller,40,DevOps-Texas,Inactive,2020-06-13,109048,frank.miller@example.com,-8425476817,Poor,False
EMP1686,Alice,Miller,35,Finance-Texas,Pending,2022-08-20,62712,alice.miller@example.com,-2683230357,Average,False
EMP1687,Eva,Jones,40,Cloud Tech-Texas,Pending,2021-05-24,76936,eva.jones@example.com,-9298808582,Good,True
EMP1688,David,Davis,25,Admin-Florida,Pending,2024-04-27,56577,david.davis@example.com,-8252129327,Poor,True
EMP1689,David,Johnson,40,Finance-Nevada,Inactive,2021-10-23,61103,david.johnson@example.com,-9634064685,Good,True
EMP1690,Bob,Johnson,35,Finance-Nevada,Inactive,2021-02-10,75230,bob.johnson@example.com,-7752401483,Excellent,True
EMP1691,David,Miller,25,Admin-Nevada,Inactive,2021-10-26,51055,david.miller@example.com,-3991062271,Excellent,False
EMP1692,Bob,Jones,40,Admin-Texas,Active,2023-04-05,104843,bob.jones@example.com,-3626693350,Excellent,False
EMP1693,Charlie,Brown,35,Cloud Tech-New York,Active,2022-10-20,56398,charlie.brown@example.com,-3426192371,Excellent,False
EMP1694,Alice,Johnson,25,HR-Nevada,Active,2023-12-07,87545,alice.johnson@example.com,-4501848196,Good,False
EMP1695,Heidi,Brown,30,HR-Illinois,Pending,2024-03-29,74312,heidi.brown@example.com,-3741897214,Poor,False
EMP1696,David,Davis,25,DevOps-Florida,Inactive,2024-01-23,59431,david.davis@example.com,-4064176926,Poor,True
EMP1697,Heidi,Johnson,40,Sales-California,Pending,2023-11-28,84306,heidi.johnson@example.com,-4381199536,Average,False
EMP1698,Frank,Johnson,35,DevOps-Florida,Inactive,2024-11-11,108194,frank.johnson@example.com,-6601444855,Good,False
EMP1699,Charlie,Williams,25,Sales-New York,Inactive,2021-08-28,107359,charlie.williams@example.com,-4510173972,Excellent,False
EMP1700,Heidi,Johnson,25,DevOps-Illinois,Inactive,2024-02-11,85155,heidi.johnson@example.com,-9641789968,Good,False
EMP1701,Frank,Garcia,32,Admin-California,Pending,2020-05-09,96080,frank.garcia@example.com,-8609191910,Average,False
EMP1702,Grace,Smith,30,Sales-Nevada,Inactive,2024-04-17,88603,grace.smith@example.com,-3599660576,Average,True
EMP1703,Frank,Garcia,40,DevOps-California,Active,2020-07-16,86624,frank.garcia@example.com,-9806603919,Good,True
EMP1704,Charlie,Jones,30,Cloud Tech-New York,Active,2022-09-21,63413,charlie.jones@example.com,-5146074554,Good,True
EMP1705,Grace,Jones,40,Sales-Illinois,Pending,2023-04-23,67916,grace.jones@example.com,-3470574237,Good,False
EMP1706,Bob,Brown,25,Admin-Nevada,Inactive,2024-12-27,108245,bob.brown@example.com,-8565271558,Poor,True
EMP1707,Alice,Garcia,35,Sales-Nevada,Inactive,2024-08-10,75835,alice.garcia@example.com,-8354116596,Excellent,True
EMP1708,Eva,Garcia,32,Cloud Tech-Nevada,Active,2024-09-04,71273,eva.garcia@example.com,-2634755751,Good,False
EMP1709,Bob,Garcia,25,DevOps-New York,Pending,2022-02-28,63262,bob.garcia@example.com,-2501394883,Good,False
EMP1710,David,Davis,32,DevOps-New York,Pending,2024-03-14,89070,david.davis@example.com,-8826913118,Good,False
EMP1711,Frank,Johnson,40,DevOps-Nevada,Inactive,2024-12-13,57287,frank.johnson@example.com,-6425856260,Average,True
EMP1712,Grace,Smith,32,HR-Nevada,Active,2022-12-29,119890,grace.smith@example.com,-4991537037,Average,True
EMP1713,Frank,Brown,35,Sales-California,Inactive,2022-04-24,103493,frank.brown@example.com,-2407333372,Poor,False
EMP1714,Frank,Garcia,32,Admin-Illinois,Pending,2021-03-14,76254,frank.garcia@example.com,-2043097767,Excellent,False
EMP1715,Eva,Garcia,35,Finance-Florida,Inactive,2020-01-01,100842,eva.garcia@example.com,-8936289695,Poor,True
EMP1716,Alice,Williams,32,Admin-California,Active,2021-09-07,118908,alice.williams@example.com,-4546553584,Excellent,True
EMP1717,Frank,Brown,25,DevOps-California,Pending,2022-11-13,88943,frank.brown@example.com,-1253892186,Average,False
EMP1718,Charlie,Garcia,25,Cloud Tech-Florida,Inactive,2020-11-15,59689,charlie.garcia@example.com,-8519358373,Average,False
EMP1719,David,Brown,30,HR-California,Active,2023-03-14,77986,david.brown@example.com,-9079779611,Average,True
EMP1720,Bob,Johnson,35,Finance-New York,Inactive,2024-08-18,112932,bob.johnson@example.com,-878057214,Poor,False
EMP1721,Bob,Williams,32,DevOps-California,Active,2024-02-05,106584,bob.williams@example.com,-1494097625,Good,True
EMP1722,Alice,Brown,35,HR-Florida,Inactive,2024-11-12,58438,alice.brown@example.com,-3748453985,Good,True
EMP1723,Alice,Smith,40,Cloud Tech-California,Pending,2020-03-25,72352,alice.smith@example.com,-2895090590,Average,True
EMP1724,Frank,Smith,32,DevOps-New York,Active,2020-04-13,97154,frank.smith@example.com,-1918623391,Good,True
EMP1725,Heidi,Jones,32,Sales-Illinois,Active,2021-03-30,80236,heidi.jones@example.com,-2071511695,Good,False
EMP1726,Charlie,Williams,30,HR-Texas,Inactive,2023-03-16,102172,charlie.williams@example.com,-6672521451,Poor,False
EMP1727,Eva,Williams,25,Finance-Illinois,Inactive,2024-05-03,98851,eva.williams@example.com,-6471246334,Excellent,True
EMP1728,Heidi,Jones,32,Admin-Florida,Inactive,2023-08-28,89993,heidi.jones@example.com,-1571840907,Average,True
EMP1729,David,Brown,30,Cloud Tech-California,Inactive,2021-10-24,97932,david.brown@example.com,-512080055,Average,True
EMP1730,Bob,Williams,40,Finance-California,Inactive,2021-01-25,72452,bob.williams@example.com,-4099512396,Poor,True
EMP1731,Alice,Smith,35,Admin-California,Pending,2024-08-09,119311,alice.smith@example.com,-2835129591,Poor,True
EMP1732,Charlie,Smith,40,Cloud Tech-New York,Active,2023-11-04,76167,charlie.smith@example.com,-7282709080,Good,False
EMP1733,Bob,Garcia,25,DevOps-Texas,Active,2023-06-25,114871,bob.garcia@example.com,-4415298216,Average,False
EMP1734,Eva,Johnson,25,HR-Nevada,Active,2021-09-16,81504,eva.johnson@example.com,-3929578670,Excellent,False
EMP1735,David,Williams,32,Admin-New York,Pending,2022-12-07,102525,david.williams@example.com,-8153523735,Poor,False
EMP1736,Charlie,Brown,25,Finance-Illinois,Pending,2022-12-14,53044,charlie.brown@example.com,-507918157,Excellent,True
EMP1737,Eva,Jones,30,DevOps-Illinois,Inactive,2020-04-18,82547,eva.jones@example.com,-9988683451,Excellent,True
EMP1738,Bob,Jones,40,DevOps-California,Pending,2024-10-11,113901,bob.jones@example.com,-7346666169,Average,True
EMP1739,Bob,Brown,25,HR-Nevada,Inactive,2021-04-18,118586,bob.brown@example.com,-7158796473,Average,True
EMP1740,Bob,Davis,35,Finance-Illinois,Pending,2020-06-29,63049,bob.davis@example.com,-803149981,Poor,True
EMP1741,Heidi,Miller,32,DevOps-Texas,Active,2021-05-21,114559,heidi.miller@example.com,-5080046357,Average,False
EMP1742,Heidi,Johnson,40,DevOps-New York,Active,2021-12-11,97902,heidi.johnson@example.com,-688285030,Average,True
EMP1743,Eva,Jones,30,Sales-California,Active,2023-07-05,68038,eva.jones@example.com,-7235137398,Average,False
EMP1744,Alice,Williams,32,HR-New York,Active,2021-11-30,112802,alice.williams@example.com,-63140351,Excellent,False
EMP1745,Bob,Johnson,40,Sales-Nevada,Pending,2024-11-22,93787,bob.johnson@example.com,-6356022938,Poor,False
EMP1746,David,Williams,32,Admin-Florida,Inactive,2023-05-24,73050,david.williams@example.com,-4694346065,Good,False
EMP1747,David,Davis,30,Sales-Illinois,Pending,2024-06-26,64162,david.davis@example.com,-6437490606,Excellent,True
EMP1748,Charlie,Smith,40,Admin-Nevada,Pending,2020-11-19,72225,charlie.smith@example.com,-2311127127,Average,False
EMP1749,Bob,Johnson,30,HR-New York,Pending,2020-03-01,103580,bob.johnson@example.com,-5246484493,Excellent,False
EMP1750,Grace,Garcia,40,HR-Florida,Pending,2024-08-09,112589,grace.garcia@example.com,-1163187327,Average,False
EMP1751,Eva,Jones,30,Admin-Texas,Active,2021-01-13,51834,eva.jones@example.com,-771130620,Average,True
EMP1752,Eva,Johnson,32,Sales-Illinois,Active,2023-05-06,66253,eva.johnson@example.com,-1369572789,Excellent,True
EMP1753,Frank,Johnson,25,DevOps-Florida,Active,2022-10-25,109230,frank.johnson@example.com,-8335090253,Poor,True
EMP1754,Frank,Johnson,30,Finance-Florida,Inactive,2020-10-08,61465,frank.johnson@example.com,-2573066247,Average,False
EMP1755,Grace,Miller,25,HR-Florida,Active,2024-02-29,96994,grace.miller@example.com,-1323570712,Poor,False
EMP1756,David,Johnson,25,Admin-Florida,Pending,2022-09-30,98150,david.johnson@example.com,-9848228500,Good,True
EMP1757,David,Williams,40,Finance-Texas,Pending,2024-02-14,107703,david.williams@example.com,-1688092549,Average,False
EMP1758,Grace,Smith,32,DevOps-Illinois,Pending,2023-01-03,86766,grace.smith@example.com,-2130609068,Poor,True
EMP1759,Alice,Davis,32,Cloud Tech-Florida,Inactive,2024-08-20,111444,alice.davis@example.com,-1309810795,Poor,True
EMP1760,David,Brown,32,Sales-Florida,Pending,2020-03-21,89039,david.brown@example.com,-4967379456,Good,False
EMP1761,Alice,Johnson,30,HR-Florida,Inactive,2024-12-16,71319,alice.johnson@example.com,-7278532425,Poor,False
EMP1762,Heidi,Jones,30,Finance-California,Pending,2020-04-21,98297,heidi.jones@example.com,-4250642075,Poor,False
EMP1763,Heidi,Johnson,40,Cloud Tech-Nevada,Pending,2020-08-19,62584,heidi.johnson@example.com,-8362536666,Good,False
EMP1764,Charlie,Jones,40,Finance-California,Inactive,2020-02-21,62522,charlie.jones@example.com,-7767555627,Average,True
EMP1765,David,Williams,40,Cloud Tech-California,Inactive,2023-11-17,95400,david.williams@example.com,-3333939577,Poor,True
EMP1766,Charlie,Jones,25,Cloud Tech-Texas,Pending,2022-07-09,94385,charlie.jones@example.com,-6543627186,Poor,True
EMP1767,Grace,Garcia,32,Sales-New York,Inactive,2023-02-01,76642,grace.garcia@example.com,-4960335825,Poor,True
EMP1768,Frank,Brown,32,DevOps-New York,Active,2024-11-14,60123,frank.brown@example.com,-8627036923,Excellent,True
EMP1769,Alice,Smith,40,HR-California,Pending,2024-04-23,117268,alice.smith@example.com,-9269326572,Good,False
EMP1770,Charlie,Jones,25,Admin-New York,Active,2023-06-29,85155,charlie.jones@example.com,-2759980110,Excellent,True
EMP1771,Heidi,Jones,40,Sales-Texas,Pending,2024-12-12,84543,heidi.jones@example.com,-5155322,Good,True
EMP1772,Heidi,Smith,40,Finance-Florida,Active,2023-05-16,92007,heidi.smith@example.com,-4159597751,Average,True
EMP1773,Eva,Brown,32,DevOps-Illinois,Active,2020-04-10,62939,eva.brown@example.com,-4418222617,Average,False
EMP1774,Frank,Johnson,25,Admin-Texas,Pending,2023-03-29,108661,frank.johnson@example.com,-9628874311,Poor,False
EMP1775,Bob,Jones,25,Cloud Tech-Florida,Active,2020-11-26,97046,bob.jones@example.com,-7102676719,Good,False
EMP1776,Charlie,Smith,40,DevOps-Illinois,Inactive,2020-03-14,56519,charlie.smith@example.com,-9579927078,Average,False
EMP1777,Frank,Garcia,40,Cloud Tech-Florida,Pending,2020-05-12,70498,frank.garcia@example.com,-5515122945,Good,True
EMP1778,Eva,Garcia,35,Sales-Florida,Pending,2021-03-05,98708,eva.garcia@example.com,-2135415969,Average,True
EMP1779,Bob,Williams,32,DevOps-Nevada,Pending,2020-06-28,83856,bob.williams@example.com,-9962543847,Excellent,False
EMP1780,Eva,Smith,40,Sales-California,Inactive,2022-12-12,90260,eva.smith@example.com,-752034475,Average,False
EMP1781,Charlie,Williams,32,Sales-Florida,Pending,2024-02-02,94230,charlie.williams@example.com,-5047158028,Excellent,True
EMP1782,Charlie,Garcia,32,Admin-Nevada,Inactive,2021-01-31,50111,charlie.garcia@example.com,-904637659,Average,True
EMP1783,Bob,Brown,30,Sales-Florida,Inactive,2020-04-03,73365,bob.brown@example.com,-4655866524,Poor,False
EMP1784,David,Johnson,25,DevOps-New York,Pending,2021-07-30,67809,david.johnson@example.com,-4837441714,Excellent,False
EMP1785,Eva,Smith,32,Sales-California,Active,2020-08-21,98009,eva.smith@example.com,-8102131250,Average,False
EMP1786,Alice,Davis,30,Admin-California,Inactive,2023-10-09,83538,alice.davis@example.com,-2931100590,Poor,False
EMP1787,Alice,Garcia,30,Finance-New York,Pending,2022-08-01,112444,alice.garcia@example.com,-2975191022,Excellent,True
EMP1788,Frank,Garcia,40,Finance-Nevada,Active,2024-09-06,86475,frank.garcia@example.com,-1211063300,Poor,True
EMP1789,Frank,Davis,32,Sales-Texas,Active,2023-03-28,97985,frank.davis@example.com,-6583737926,Good,True
EMP1790,Frank,Miller,25,Admin-California,Active,2021-11-25,118853,frank.miller@example.com,-4907280122,Good,False
EMP1791,Charlie,Garcia,32,Sales-Florida,Active,2023-05-03,58179,charlie.garcia@example.com,-4289311324,Excellent,False
EMP1792,Eva,Jones,35,DevOps-Texas,Inactive,2022-04-27,56076,eva.jones@example.com,-3269496842,Average,True
EMP1793,Frank,Brown,40,HR-New York,Pending,2021-09-11,62251,frank.brown@example.com,-6453804420,Excellent,True
EMP1794,Alice,Smith,30,Cloud Tech-Florida,Pending,2020-02-21,105932,alice.smith@example.com,-175096169,Poor,True
EMP1795,Charlie,Davis,30,HR-Florida,Pending,2024-11-24,86654,charlie.davis@example.com,-1595919456,Average,True
EMP1796,Charlie,Jones,25,Sales-Nevada,Active,2021-02-24,100720,charlie.jones@example.com,-5757475832,Good,False
EMP1797,Bob,Davis,25,HR-Texas,Pending,2024-10-02,91600,bob.davis@example.com,-9205677566,Average,True
EMP1798,Heidi,Smith,25,Cloud Tech-Illinois,Pending,2024-03-06,71874,heidi.smith@example.com,-7722660255,Good,True
EMP1799,Eva,Williams,30,HR-New York,Active,2021-08-09,69365,eva.williams@example.com,-2650622922,Average,True
EMP1800,Heidi,Smith,25,HR-New York,Active,2021-07-14,58012,heidi.smith@example.com,-1067245306,Average,True
EMP1801,Bob,Miller,30,Sales-California,Pending,2021-10-14,68974,bob.miller@example.com,-6248433796,Average,True
EMP1802,Eva,Smith,32,Admin-New York,Active,2021-09-29,92928,eva.smith@example.com,-6627051156,Poor,True
EMP1803,Heidi,Smith,25,Admin-Texas,Inactive,2023-10-15,53532,heidi.smith@example.com,-9423873669,Poor,True
EMP1804,Bob,Miller,40,Finance-New York,Pending,2023-05-05,112389,bob.miller@example.com,-4254969191,Excellent,False
EMP1805,Heidi,Brown,32,HR-California,Inactive,2024-08-01,63870,heidi.brown@example.com,-8455259709,Excellent,False
EMP1806,Bob,Garcia,40,Sales-New York,Active,2024-07-22,106165,bob.garcia@example.com,-7563353573,Good,False
EMP1807,Bob,Smith,40,HR-Nevada,Pending,2023-12-25,103655,bob.smith@example.com,-8595325938,Poor,False
EMP1808,David,Miller,30,Sales-California,Inactive,2022-03-13,62835,david.miller@example.com,-9337970580,Good,True
EMP1809,Frank,Jones,35,Finance-Florida,Active,2020-05-13,83273,frank.jones@example.com,-6295187793,Excellent,False
EMP1810,Heidi,Williams,30,HR-California,Pending,2023-03-22,58918,heidi.williams@example.com,-1763425072,Good,False
EMP1811,Bob,Williams,35,Sales-Nevada,Active,2024-06-10,71148,bob.williams@example.com,-3055978244,Excellent,True
EMP1812,Grace,Smith,30,Sales-New York,Pending,2020-11-21,118172,grace.smith@example.com,-7598339913,Poor,True
EMP1813,Frank,Brown,30,DevOps-Illinois,Inactive,2024-05-25,118614,frank.brown@example.com,-388436603,Average,False
EMP1814,Frank,Brown,32,DevOps-New York,Active,2023-09-19,96872,frank.brown@example.com,-4324006156,Poor,False
EMP1815,Heidi,Jones,25,Sales-Illinois,Inactive,2021-10-28,88856,heidi.jones@example.com,-2768297513,Good,True
EMP1816,Charlie,Smith,35,Finance-Texas,Pending,2020-08-10,97986,charlie.smith@example.com,-7439742924,Good,False
EMP1817,Grace,Williams,35,Finance-Nevada,Pending,2020-05-05,56337,grace.williams@example.com,-105875255,Poor,True
EMP1818,Alice,Brown,30,DevOps-New York,Inactive,2022-12-24,70405,alice.brown@example.com,-8065625903,Poor,True
EMP1819,Heidi,Smith,30,Admin-Nevada,Inactive,2021-09-05,89919,heidi.smith@example.com,-5990802710,Excellent,True
EMP1820,Eva,Davis,40,DevOps-California,Active,2023-04-08,50568,eva.davis@example.com,-2218231554,Good,True
EMP1821,Grace,Brown,30,HR-Texas,Inactive,2023-01-29,85155,grace.brown@example.com,-1651768085,Good,False
EMP1822,Frank,Miller,25,HR-Texas,Active,2022-06-03,99156,frank.miller@example.com,-6281372142,Poor,True
EMP1823,Frank,Davis,40,Finance-Florida,Inactive,2023-01-21,64785,frank.davis@example.com,-3080037002,Average,True
EMP1824,Charlie,Garcia,30,Sales-Florida,Inactive,2024-09-16,79206,charlie.garcia@example.com,-3228556607,Good,False
EMP1825,Charlie,Brown,30,Cloud Tech-Texas,Pending,2020-02-02,60080,charlie.brown@example.com,-4706810389,Average,True
EMP1826,Grace,Williams,30,Cloud Tech-New York,Pending,2024-07-08,79110,grace.williams@example.com,-3397051957,Poor,False
EMP1827,Grace,Johnson,32,Admin-Florida,Pending,2022-05-18,88644,grace.johnson@example.com,-2632809447,Poor,False
EMP1828,Frank,Davis,30,Admin-Florida,Pending,2020-01-16,90456,frank.davis@example.com,-5862394534,Excellent,False
EMP1829,David,Garcia,32,HR-Florida,Pending,2023-03-26,75688,david.garcia@example.com,-4614707985,Good,True
EMP1830,Heidi,Jones,35,Cloud Tech-Illinois,Inactive,2023-11-15,55604,heidi.jones@example.com,-3210613393,Average,False
EMP1831,Eva,Jones,40,Sales-Texas,Pending,2024-12-27,92705,eva.jones@example.com,-3945703942,Excellent,False
EMP1832,Bob,Williams,32,Sales-California,Pending,2020-04-18,113251,bob.williams@example.com,-8040325375,Good,True
EMP1833,Alice,Brown,40,Finance-Illinois,Inactive,2023-03-21,101367,alice.brown@example.com,-5769277893,Excellent,False
EMP1834,Eva,Smith,35,Admin-Texas,Pending,2023-05-08,102460,eva.smith@example.com,-3191009003,Poor,False
EMP1835,Eva,Brown,25,DevOps-Florida,Pending,2020-12-12,90100,eva.brown@example.com,-476921052,Good,False
EMP1836,Eva,Williams,32,Cloud Tech-California,Inactive,2020-06-17,58877,eva.williams@example.com,-3651460400,Excellent,False
EMP1837,Eva,Jones,35,Admin-Illinois,Inactive,2021-07-17,85155,eva.jones@example.com,-4247310719,Excellent,False
EMP1838,Bob,Brown,32,Admin-Illinois,Pending,2020-11-05,96141,bob.brown@example.com,-1137984408,Average,True
EMP1839,Charlie,Jones,35,DevOps-New York,Inactive,2021-01-05,105956,charlie.jones@example.com,-7123166006,Excellent,False
EMP1840,Frank,Davis,25,Admin-Illinois,Active,2024-09-11,84716,frank.davis@example.com,-6762090143,Good,False
EMP1841,Grace,Garcia,30,DevOps-Florida,Pending,2023-07-29,61710,grace.garcia@example.com,-7340433699,Good,True
EMP1842,Frank,Smith,25,DevOps-California,Active,2020-04-17,61732,frank.smith@example.com,-9687304518,Average,True
EMP1843,Eva,Davis,40,DevOps-Illinois,Active,2022-02-16,97846,eva.davis@example.com,-5778255881,Good,True
EMP1844,Eva,Jones,30,Sales-Florida,Active,2021-08-14,114906,eva.jones@example.com,-5562965753,Poor,False
EMP1845,Frank,Jones,32,DevOps-Texas,Active,2022-12-24,94620,frank.jones@example.com,-2786561941,Good,True
EMP1846,Grace,Johnson,32,DevOps-California,Inactive,2021-07-07,68696,grace.johnson@example.com,-5577820581,Good,False
EMP1847,Grace,Johnson,40,DevOps-Nevada,Active,2024-02-12,97032,grace.johnson@example.com,-9582923615,Excellent,False
EMP1848,Frank,Davis,30,HR-Illinois,Active,2023-10-09,50593,frank.davis@example.com,-1880819047,Excellent,True
EMP1849,Grace,Miller,25,Sales-Texas,Pending,2022-07-02,74606,grace.miller@example.com,-2357155867,Good,True
EMP1850,Eva,Davis,30,Cloud Tech-Texas,Pending,2020-07-07,53982,eva.davis@example.com,-6395613722,Average,False
EMP1851,David,Johnson,32,DevOps-Texas,Pending,2020-09-02,56047,david.johnson@example.com,-817214363,Excellent,True
EMP1852,Grace,Jones,32,Admin-Texas,Pending,2021-01-12,67734,grace.jones@example.com,-3813000412,Average,False
EMP1853,Bob,Williams,40,HR-Florida,Pending,2023-09-29,103892,bob.williams@example.com,-2114716559,Good,True
EMP1854,Charlie,Davis,25,HR-Texas,Inactive,2022-03-06,73286,charlie.davis@example.com,-9456534698,Good,True
EMP1855,Eva,Jones,30,Finance-Texas,Inactive,2021-02-14,92721,eva.jones@example.com,-7990707549,Poor,True
EMP1856,Heidi,Williams,25,Admin-Illinois,Inactive,2021-03-23,92978,heidi.williams@example.com,-4768169956,Excellent,False
EMP1857,Heidi,Williams,35,Cloud Tech-Texas,Active,2020-05-24,89994,heidi.williams@example.com,-607174810,Good,True
EMP1858,Heidi,Johnson,25,Finance-New York,Pending,2023-08-04,50061,heidi.johnson@example.com,-3176539704,Poor,False
EMP1859,Grace,Davis,35,Admin-Nevada,Inactive,2022-03-12,90225,grace.davis@example.com,-4873961028,Excellent,False
EMP1860,Heidi,Brown,40,Finance-Florida,Pending,2024-05-18,106859,heidi.brown@example.com,-871827495,Good,False
EMP1861,David,Smith,25,Finance-Nevada,Inactive,2020-09-05,89707,david.smith@example.com,-8049187273,Good,False
EMP1862,Frank,Johnson,35,DevOps-California,Inactive,2020-04-23,94259,frank.johnson@example.com,-2049561212,Excellent,True
EMP1863,Bob,Johnson,35,Sales-California,Active,2024-09-18,82175,bob.johnson@example.com,-7730626041,Excellent,False
EMP1864,David,Brown,30,Sales-Texas,Inactive,2023-09-15,63370,david.brown@example.com,-3597371121,Excellent,False
EMP1865,Bob,Smith,35,Finance-Texas,Pending,2022-06-15,101473,bob.smith@example.com,-2990775607,Good,True
EMP1866,David,Jones,25,DevOps-Illinois,Active,2022-09-28,77214,david.jones@example.com,-5816704685,Good,False
EMP1867,Eva,Miller,40,Sales-Florida,Active,2020-03-16,73750,eva.miller@example.com,-1114576831,Poor,True
EMP1868,Alice,Davis,40,Cloud Tech-New York,Pending,2023-09-28,86618,alice.davis@example.com,-1021923784,Average,False
EMP1869,Charlie,Miller,32,Admin-Texas,Active,2024-02-15,59911,charlie.miller@example.com,-8471296179,Excellent,True
EMP1870,Heidi,Jones,32,Cloud Tech-New York,Pending,2023-08-21,59138,heidi.jones@example.com,-3324260507,Good,False
EMP1871,Alice,Garcia,35,Cloud Tech-Florida,Pending,2020-12-15,108475,alice.garcia@example.com,-184980424,Good,True
EMP1872,Bob,Johnson,25,Finance-Illinois,Pending,2021-03-27,54418,bob.johnson@example.com,-3733777311,Excellent,False
EMP1873,Frank,Smith,40,HR-Texas,Pending,2023-03-25,88212,frank.smith@example.com,-6881228216,Average,False
EMP1874,David,Johnson,25,Sales-New York,Inactive,2020-05-09,58452,david.johnson@example.com,-8192365345,Excellent,True
EMP1875,Grace,Williams,30,DevOps-California,Pending,2020-12-03,80706,grace.williams@example.com,-605603566,Average,True
EMP1876,Alice,Johnson,30,Cloud Tech-Nevada,Pending,2022-02-09,85155,alice.johnson@example.com,-9327986238,Good,True
EMP1877,Heidi,Johnson,25,Cloud Tech-Texas,Active,2020-07-01,99472,heidi.johnson@example.com,-8471690617,Average,True
EMP1878,Eva,Jones,40,DevOps-Florida,Pending,2020-09-16,64431,eva.jones@example.com,-1205464753,Poor,False
EMP1879,Heidi,Jones,40,Admin-New York,Pending,2023-11-17,52633,heidi.jones@example.com,-8954787697,Good,False
EMP1880,Heidi,Jones,32,Cloud Tech-Nevada,Inactive,2021-12-13,79315,heidi.jones@example.com,-9992751757,Poor,True
EMP1881,David,Miller,25,Sales-Texas,Pending,2022-01-11,110391,david.miller@example.com,-8914444982,Excellent,False
EMP1882,David,Williams,40,DevOps-Nevada,Active,2021-07-20,53715,david.williams@example.com,-5539354357,Excellent,True
EMP1883,Charlie,Garcia,40,Finance-New York,Active,2023-10-04,114587,charlie.garcia@example.com,-6449639242,Excellent,True
EMP1884,Frank,Garcia,35,Admin-Florida,Inactive,2021-11-15,93177,frank.garcia@example.com,-5885379820,Average,False
EMP1885,Heidi,Jones,25,Cloud Tech-Nevada,Active,2023-01-05,62312,heidi.jones@example.com,-4339527535,Good,False
EMP1886,Heidi,Smith,32,Cloud Tech-Texas,Active,2024-01-17,81137,heidi.smith@example.com,-7497852490,Excellent,False
EMP1887,Grace,Miller,30,DevOps-Nevada,Inactive,2021-04-16,104528,grace.miller@example.com,-4168601346,Excellent,False
EMP1888,Bob,Brown,30,DevOps-Florida,Active,2022-02-08,112396,bob.brown@example.com,-7894896339,Good,False
EMP1889,Heidi,Smith,25,Finance-New York,Active,2023-06-02,81849,heidi.smith@example.com,-6791766511,Excellent,False
EMP1890,Charlie,Davis,40,DevOps-New York,Pending,2022-01-04,118289,charlie.davis@example.com,-2150014187,Poor,False
EMP1891,Charlie,Davis,25,DevOps-Illinois,Active,2021-07-28,59555,charlie.davis@example.com,-4216309000,Good,True
EMP1892,Heidi,Smith,40,Admin-California,Active,2024-12-20,70661,heidi.smith@example.com,-5944633398,Good,True
EMP1893,Charlie,Jones,32,Sales-New York,Active,2022-04-23,109988,charlie.jones@example.com,-9485320894,Good,True
EMP1894,David,Brown,32,Finance-Florida,Inactive,2020-01-30,101101,david.brown@example.com,-3263890218,Poor,True
EMP1895,David,Brown,30,HR-Florida,Pending,2021-03-31,112428,david.brown@example.com,-9471136336,Good,True
EMP1896,Charlie,Miller,32,Cloud Tech-Florida,Active,2020-03-23,119389,charlie.miller@example.com,-9223410345,Poor,False
EMP1897,Alice,Brown,40,Sales-Florida,Inactive,2024-07-16,105861,alice.brown@example.com,-9967331166,Good,True
EMP1898,Heidi,Davis,40,Admin-Texas,Pending,2024-03-22,50870,heidi.davis@example.com,-7269608436,Average,True
EMP1899,David,Williams,30,HR-California,Active,2023-08-19,85155,david.williams@example.com,-6855078966,Excellent,True
EMP1900,Eva,Jones,30,DevOps-Florida,Pending,2024-03-10,90856,eva.jones@example.com,-9352196262,Average,True
EMP1901,Heidi,Brown,30,DevOps-Florida,Active,2024-06-05,111009,heidi.brown@example.com,-3556434368,Excellent,True
EMP1902,Alice,Miller,25,Finance-Nevada,Inactive,2022-12-23,52290,alice.miller@example.com,-7093170694,Poor,True
EMP1903,Eva,Davis,32,Sales-Illinois,Active,2024-06-01,97927,eva.davis@example.com,-5607676163,Average,True
EMP1904,Frank,Williams,25,Sales-Nevada,Inactive,2024-12-23,53609,frank.williams@example.com,-5345472238,Good,False
EMP1905,Heidi,Johnson,32,Cloud Tech-California,Inactive,2020-12-24,95372,heidi.johnson@example.com,-8983065030,Excellent,False
EMP1906,David,Johnson,30,HR-New York,Pending,2020-08-20,95433,david.johnson@example.com,-2198041846,Excellent,True
EMP1907,David,Williams,30,HR-California,Inactive,2022-10-28,97616,david.williams@example.com,-2426423641,Average,False
EMP1908,Bob,Davis,35,HR-Florida,Inactive,2022-10-23,86868,bob.davis@example.com,-8131909247,Poor,False
EMP1909,Eva,Miller,40,Sales-California,Pending,2023-11-20,106616,eva.miller@example.com,-7623039110,Average,False
EMP1910,Bob,Williams,30,Finance-Texas,Active,2022-03-11,112856,bob.williams@example.com,-4281785227,Poor,False
EMP1911,Bob,Jones,25,Admin-California,Active,2023-11-28,60357,bob.jones@example.com,-2305248087,Poor,True
EMP1912,David,Jones,32,DevOps-Texas,Inactive,2022-05-03,117870,david.jones@example.com,-622072238,Excellent,False
EMP1913,Charlie,Johnson,40,HR-Florida,Inactive,2024-02-19,95128,charlie.johnson@example.com,-5947372131,Average,False
EMP1914,Bob,Brown,25,Admin-Illinois,Pending,2021-11-18,78818,bob.brown@example.com,-9016204786,Average,False
EMP1915,Frank,Miller,40,Sales-Nevada,Pending,2022-12-21,108934,frank.miller@example.com,-6886878598,Poor,True
EMP1916,Eva,Johnson,32,Admin-California,Active,2024-06-04,68201,eva.johnson@example.com,-6486287202,Average,True
EMP1917,Eva,Brown,25,Admin-California,Inactive,2022-07-22,116935,eva.brown@example.com,-1954196663,Good,True
EMP1918,Charlie,Brown,32,HR-New York,Active,2024-09-14,99568,charlie.brown@example.com,-5057303626,Good,True
EMP1919,Charlie,Garcia,30,Admin-Texas,Active,2021-10-10,90217,charlie.garcia@example.com,-9246320373,Average,True
EMP1920,Frank,Jones,30,Admin-Illinois,Pending,2020-03-12,96589,frank.jones@example.com,-7677537259,Average,True
EMP1921,Charlie,Davis,35,Finance-Illinois,Active,2022-12-28,71109,charlie.davis@example.com,-3214505765,Poor,True
EMP1922,Grace,Smith,40,Admin-Florida,Inactive,2020-11-15,50301,grace.smith@example.com,-1945887070,Good,False
EMP1923,Frank,Davis,35,Finance-California,Pending,2023-09-27,60296,frank.davis@example.com,-5534820127,Good,False
EMP1924,Heidi,Smith,35,DevOps-Texas,Pending,2022-09-07,113012,heidi.smith@example.com,-4008385075,Excellent,False
EMP1925,Bob,Williams,35,Cloud Tech-Florida,Pending,2024-09-18,65426,bob.williams@example.com,-5975954507,Poor,True
EMP1926,Frank,Jones,25,Sales-Nevada,Active,2023-04-09,86850,frank.jones@example.com,-9177680897,Excellent,True
EMP1927,Eva,Brown,30,Cloud Tech-Texas,Pending,2024-10-05,81182,eva.brown@example.com,-1265742230,Good,True
EMP1928,Bob,Miller,32,Finance-New York,Inactive,2021-10-12,92222,bob.miller@example.com,-9646300401,Poor,True
EMP1929,Alice,Smith,35,Finance-New York,Pending,2024-10-14,79935,alice.smith@example.com,-3693626893,Average,True
EMP1930,Alice,Davis,35,HR-California,Inactive,2022-07-01,111201,alice.davis@example.com,-3012047136,Poor,False
EMP1931,Heidi,Brown,40,Finance-California,Active,2024-07-08,100960,heidi.brown@example.com,-2711759573,Average,False
EMP1932,Grace,Smith,30,Sales-Illinois,Active,2020-10-21,64545,grace.smith@example.com,-9885582983,Average,True
EMP1933,Frank,Smith,25,Sales-Florida,Active,2020-01-14,78662,frank.smith@example.com,-9330674583,Poor,True
EMP1934,Grace,Garcia,30,Sales-Florida,Pending,2023-03-09,102867,grace.garcia@example.com,-7609441282,Average,True
EMP1935,Charlie,Smith,40,HR-Illinois,Inactive,2020-03-27,107596,charlie.smith@example.com,-3372188565,Excellent,True
EMP1936,Eva,Miller,40,Sales-Nevada,Inactive,2021-04-04,85155,eva.miller@example.com,-6954132970,Good,False
EMP1937,Eva,Jones,35,DevOps-Nevada,Inactive,2020-09-11,95767,eva.jones@example.com,-5066626704,Average,True
EMP1938,Grace,Miller,30,Finance-Nevada,Pending,2021-05-16,51991,grace.miller@example.com,-5143776935,Excellent,True
EMP1939,Heidi,Johnson,25,Sales-Nevada,Inactive,2023-04-05,83634,heidi.johnson@example.com,-6343925294,Average,True
EMP1940,Eva,Brown,40,DevOps-Texas,Inactive,2022-11-15,85155,eva.brown@example.com,-9611110285,Good,True
EMP1941,Eva,Jones,30,Sales-Texas,Active,2021-10-16,82273,eva.jones@example.com,-7120072023,Excellent,False
EMP1942,Frank,Garcia,30,Cloud Tech-California,Inactive,2022-05-09,94537,frank.garcia@example.com,-5591024509,Good,True
EMP1943,Alice,Jones,35,HR-Illinois,Pending,2020-06-06,85971,alice.jones@example.com,-9109032670,Good,True
EMP1944,Charlie,Jones,25,Sales-New York,Pending,2021-10-22,111071,charlie.jones@example.com,-4949819420,Excellent,False
EMP1945,Eva,Davis,35,DevOps-Nevada,Pending,2022-01-12,56708,eva.davis@example.com,-7942817933,Excellent,False
EMP1946,Charlie,Jones,25,Admin-Illinois,Inactive,2022-02-02,104517,charlie.jones@example.com,-652775843,Excellent,False
EMP1947,Charlie,Garcia,25,Admin-New York,Pending,2021-03-28,108210,charlie.garcia@example.com,-6634533721,Poor,True
EMP1948,Bob,Miller,40,Finance-Texas,Active,2024-08-03,85155,bob.miller@example.com,-109121721,Excellent,True
EMP1949,Frank,Jones,35,DevOps-California,Active,2024-07-31,80936,frank.jones@example.com,-1455937660,Excellent,False
EMP1950,Frank,Williams,30,DevOps-California,Active,2024-03-04,107020,frank.williams@example.com,-8943705262,Excellent,False
EMP1951,Charlie,Brown,30,HR-New York,Active,2020-09-23,118678,charlie.brown@example.com,-5100462775,Excellent,False
EMP1952,Bob,Jones,25,Cloud Tech-Florida,Inactive,2020-03-28,63745,bob.jones@example.com,-5725659201,Average,False
EMP1953,Alice,Brown,40,Cloud Tech-California,Active,2020-05-15,85155,alice.brown@example.com,-4617520237,Poor,False
EMP1954,Bob,Williams,25,Sales-New York,Pending,2021-02-13,62935,bob.williams@example.com,-9743260054,Good,False
EMP1955,Bob,Williams,30,DevOps-California,Pending,2021-12-13,74654,bob.williams@example.com,-9550178331,Excellent,True
EMP1956,David,Brown,32,Sales-Texas,Active,2024-08-05,85155,david.brown@example.com,-5848689992,Average,True
EMP1957,David,Smith,30,HR-New York,Pending,2020-01-09,118151,david.smith@example.com,-6079848703,Average,True
EMP1958,David,Johnson,32,DevOps-Florida,Inactive,2023-11-30,91257,david.johnson@example.com,-5069176798,Average,False
EMP1959,Bob,Davis,30,HR-Florida,Inactive,2021-03-14,85998,bob.davis@example.com,-3593744038,Good,False
EMP1960,Frank,Smith,25,Finance-Texas,Pending,2020-10-05,84707,frank.smith@example.com,-4640830372,Excellent,False
EMP1961,Eva,Smith,32,DevOps-Texas,Active,2021-11-02,84560,eva.smith@example.com,-6060148859,Poor,False
EMP1962,Heidi,Miller,32,DevOps-California,Pending,2024-09-18,81077,heidi.miller@example.com,-8490793883,Poor,False
EMP1963,Eva,Davis,40,Admin-Texas,Inactive,2023-10-22,85155,eva.davis@example.com,-1368528305,Average,False
EMP1964,Heidi,Davis,25,Finance-Florida,Pending,2023-09-10,97356,heidi.davis@example.com,-1537012423,Good,True
EMP1965,Grace,Smith,40,DevOps-Illinois,Active,2024-02-27,114770,grace.smith@example.com,-4626325143,Good,True
EMP1966,Bob,Jones,35,Admin-California,Active,2023-05-03,109082,bob.jones@example.com,-8811210313,Good,False
EMP1967,David,Miller,40,DevOps-Florida,Inactive,2024-04-15,99945,david.miller@example.com,-2175188780,Poor,True
EMP1968,Eva,Miller,40,HR-Florida,Pending,2023-05-20,116510,eva.miller@example.com,-7941515262,Average,False
EMP1969,Eva,Williams,30,Finance-Texas,Active,2021-05-28,84254,eva.williams@example.com,-8409112251,Excellent,True
EMP1970,Charlie,Garcia,25,Cloud Tech-Nevada,Active,2024-08-27,54776,charlie.garcia@example.com,-8837505660,Poor,False
EMP1971,Charlie,Davis,40,Sales-Nevada,Inactive,2020-11-08,71193,charlie.davis@example.com,-8632397912,Average,False
EMP1972,Bob,Smith,32,Finance-Florida,Active,2021-08-24,96347,bob.smith@example.com,-7876553006,Average,True
EMP1973,Eva,Williams,32,HR-Illinois,Pending,2020-02-06,116681,eva.williams@example.com,-3095055604,Excellent,True
EMP1974,Grace,Brown,25,Finance-Florida,Inactive,2024-10-12,76344,grace.brown@example.com,-7121988191,Excellent,False
EMP1975,Alice,Johnson,30,Sales-Nevada,Inactive,2024-12-16,99424,alice.johnson@example.com,-7788519052,Excellent,False
EMP1976,Charlie,Garcia,35,DevOps-Florida,Inactive,2024-04-13,57657,charlie.garcia@example.com,-4864010423,Good,True
EMP1977,Heidi,Garcia,40,Sales-New York,Pending,2020-04-24,77397,heidi.garcia@example.com,-6245618516,Excellent,True
EMP1978,Grace,Garcia,32,DevOps-California,Inactive,2021-10-18,54300,grace.garcia@example.com,-4460045211,Average,False
EMP1979,Charlie,Miller,35,HR-Nevada,Pending,2020-02-25,103564,charlie.miller@example.com,-8991511454,Excellent,True
EMP1980,Grace,Brown,25,Finance-California,Inactive,2022-04-23,74589,grace.brown@example.com,-1293913043,Average,False
EMP1981,David,Garcia,30,DevOps-California,Pending,2020-06-22,113727,david.garcia@example.com,-8818984840,Poor,False
EMP1982,Eva,Brown,25,HR-New York,Active,2023-01-07,72828,eva.brown@example.com,-6046154020,Good,False
EMP1983,Grace,Jones,32,Sales-Florida,Inactive,2020-02-11,98717,grace.jones@example.com,-1901707567,Poor,False
EMP1984,Frank,Garcia,40,Sales-Florida,Inactive,2023-03-18,56841,frank.garcia@example.com,-1429831521,Poor,True
EMP1985,David,Johnson,35,Finance-Illinois,Pending,2021-11-26,61664,david.johnson@example.com,-9107322835,Average,True
EMP1986,Grace,Brown,30,Finance-Nevada,Active,2024-09-17,109523,grace.brown@example.com,-849378305,Poor,True
EMP1987,Eva,Brown,25,HR-Illinois,Inactive,2024-07-05,65812,eva.brown@example.com,-3963845268,Average,True
EMP1988,Bob,Johnson,32,Cloud Tech-Illinois,Inactive,2021-07-13,54709,bob.johnson@example.com,-6944391648,Excellent,True
EMP1989,Heidi,Garcia,40,Admin-California,Active,2023-08-27,107662,heidi.garcia@example.com,-7016934291,Excellent,True
EMP1990,Eva,Johnson,40,DevOps-Illinois,Inactive,2021-02-13,79002,eva.johnson@example.com,-9132033015,Average,True
EMP1991,Heidi,Brown,32,Admin-Texas,Pending,2023-12-11,86136,heidi.brown@example.com,-2341903105,Excellent,False
EMP1992,Heidi,Johnson,30,DevOps-Nevada,Inactive,2021-07-02,115601,heidi.johnson@example.com,-1537221555,Good,True
EMP1993,Grace,Brown,32,DevOps-Nevada,Active,2022-12-05,64045,grace.brown@example.com,-6847323652,Poor,True
EMP1994,David,Brown,30,DevOps-Nevada,Inactive,2024-09-24,80477,david.brown@example.com,-3774604066,Good,False
EMP1995,Bob,Jones,30,Finance-California,Inactive,2023-08-16,61241,bob.jones@example.com,-2007843613,Poor,True
EMP1996,David,Smith,40,Admin-Texas,Active,2021-01-28,51939,david.smith@example.com,-2442607818,Excellent,True
EMP1997,Eva,Brown,40,Finance-Illinois,Inactive,2022-05-14,95285,eva.brown@example.com,-7543734763,Good,False
EMP1998,Charlie,Garcia,35,Admin-Texas,Inactive,2024-06-05,106248,charlie.garcia@example.com,-2737203762,Excellent,True
EMP1999,Charlie,Williams,25,DevOps-Florida,Active,2020-04-23,110171,charlie.williams@example.com,-8821458413,Poor,True
EMP2000,Charlie,Miller,25,HR-Nevada,Pending,2024-06-10,52615,charlie.miller@example.com,-8460191343,Average,True
EMP2001,Eva,Davis,30,DevOps-Illinois,Inactive,2020-04-18,82547,eva.davis@example.com,-3899827801,Average,False
EMP2002,Bob,Smith,35,Finance-Illinois,Pending,2020-06-29,63049,bob.smith@example.com,-586950731,Good,True
EMP2003,Frank,Smith,35,HR-California,Pending,2023-02-15,115229,frank.smith@example.com,-1464493698,Excellent,True
EMP2004,Grace,Smith,25,DevOps-Illinois,Pending,2023-06-15,60688,grace.smith@example.com,-9516793349,Excellent,False
EMP2005,Frank,Jones,30,Finance-Illinois,Inactive,2022-03-19,67493,frank.jones@example.com,-5573857367,Good,True
EMP2006,Grace,Brown,32,HR-Illinois,Inactive,2023-10-25,77822,grace.brown@example.com,-119236036,Average,False
EMP2007,Charlie,Jones,35,DevOps-Texas,Active,2022-07-14,69147,charlie.jones@example.com,-6811872332,Poor,False
EMP2008,Grace,Brown,35,Admin-Nevada,Inactive,2022-03-12,90225,grace.brown@example.com,-5104096148,Good,True
EMP2009,David,Garcia,32,Finance-Illinois,Pending,2024-06-11,62604,david.garcia@example.com,-7315391148,Poor,False
EMP2010,Bob,Jones,35,Sales-Nevada,Active,2024-06-10,71148,bob.jones@example.com,-8307482072,Average,False
EMP2011,David,Jones,40,Admin-California,Inactive,2022-09-21,52032,david.jones@example.com,-6511893939,Excellent,True
EMP2012,Grace,Miller,35,DevOps-Florida,Inactive,2023-04-15,85155,grace.miller@example.com,-6557820189,Average,False
EMP2013,Eva,Williams,32,HR-Illinois,Pending,2020-02-06,116681,eva.williams@example.com,-4322302332,Good,False
EMP2014,Grace,Jones,30,Finance-Nevada,Pending,2021-05-16,51991,grace.jones@example.com,-2470739200,Excellent,True
EMP2015,David,Miller,30,HR-California,Active,2023-08-19,85155,david.miller@example.com,-3546212759,Good,True
EMP2016,David,Johnson,30,Cloud Tech-Texas,Inactive,2021-11-07,100215,david.johnson@example.com,-2508261122,Good,True
EMP2017,Charlie,Williams,40,Finance-New York,Active,2023-10-04,114587,charlie.williams@example.com,-1261632487,Average,False
EMP2018,Alice,Garcia,30,HR-Florida,Inactive,2024-12-16,71319,alice.garcia@example.com,-8995729892,Good,True
EMP2019,Heidi,Jones,30,DevOps-Illinois,Pending,2021-02-22,77764,heidi.jones@example.com,-7629745492,Average,False
